集計日,key,タイトル,Age,観測遅延日数,観測日数,累計PV,累計スキ,コメント数,スキ率(%),スキ率トレンド(pp),後期14日平均PV,初速PV(7日),ピーク日次PV,ピーク到達日数,ハーフライフ(日),中期平均PV,後期平均PV,持続率,安定性スコア,成長タイプ,質スコア
2026-03-10,nd946a5f905a2,KITAcoreのAI×思考ログへようこそ — プロンプト設計、アート、そして人生のログプレイ,116,1,114,1021,387,26,37.9,15.55,6.36,54.0,20.0,28.0,3.0,7.0,7.9,1.024,0.543,🌲 定常型,94.1
2026-03-10,n75c22ba2457f,日光と食事と睡眠の関係について,183,68,114,42,8,0,19.05,0.07,0.07,,,,,,,,0.741,❓ データ不足,80.0
2026-03-10,n8307b08e003d,「モジュールってなんだよ！」 理系研究者がAIに裏切られ、初めてのPythonで叫ぶ,161,46,114,93,15,0,16.13,-0.57,0.0,,,,,,,,0.734,❓ データ不足,79.9
2026-03-10,n348ed9904976,名刺の「箱」で展示会に挑んだ後輩：令和の新人、謎の節約術,167,52,114,42,10,0,23.81,-1.26,0.0,,,,,,,,0.733,❓ データ不足,79.9
2026-03-10,nb5da69fd69ff,日光は見えていたのに、見えていなかった,183,68,114,49,8,0,16.33,-0.8,0.07,,,,,,,,0.729,❓ データ不足,79.8
2026-03-10,n8551a6a14870,生成AIで「調査チーム」を作ってみた〜GPT・Gemini・Grok・Perplexityの役割分担〜,166,51,114,111,16,0,14.41,-1.63,0.21,,,,,,,,0.734,❓ データ不足,79.8
2026-03-10,n94da7a52ea24,浴びている光はどこを通じて影響があるのか,184,69,114,51,8,2,15.69,-0.11,0.07,,,,,,,,0.727,❓ データ不足,79.8
2026-03-10,n3f384bcc700c,【衝撃】ワイが組んだAI「調査チーム」の役割分担、ガチでプロの「AI戦略」と完全一致してた件,132,17,114,136,17,0,12.5,-0.18,0.0,,,,,,,,0.73,❓ データ不足,79.5
2026-03-10,n3a0a768238a3,AIシェフと学ぶ！プログラミングは「料理のレシピ」と同じだった,175,60,114,64,10,0,15.62,-0.98,0.0,,,,,,,,0.639,❓ データ不足,78.5
2026-03-10,nef0eee72e29d,生成AIで調査チーム作ったら、頼もしすぎる奴らが集まった話,151,36,114,249,23,0,9.24,0.12,0.07,,,,,,,,0.729,❓ データ不足,78.2
2026-03-10,n26a2d7839528,Python環境構築は恋愛だった！？〜初学者エンジニアが辿り着いた、ゆるふわPythonライフ〜,168,53,114,103,12,0,11.65,-1.01,0.07,,,,,,,,0.636,❓ データ不足,78.1
2026-03-10,ncd243f6ab3c4,ベタベタ・黄ばみ・ヒビ割れ…スマホケースの寿命は“愛用年数”じゃなく科学で決まる！？,181,66,114,46,4,0,8.7,-1.23,0.0,,,,,,,,0.725,❓ データ不足,77.6
2026-03-10,nd4d236c6cb27,「明日の朝な！」で動く！優柔不断な部下を強制的に自走させるマネジメント術,155,40,114,142,12,0,8.45,-0.15,0.0,,,,,,,,0.719,❓ データ不足,77.3
2026-03-10,nbc8e22ad7cc7,AIが人の話を聞かない夜に──冷蔵庫GPTが教えてくれた“対話設計”の魔法,141,26,114,265,22,0,8.3,0.21,0.07,,,,,,,,0.728,❓ データ不足,77.2
2026-03-10,ncd12f1fca6d2,自己紹介 Ver.2 ─ 60日後に見えた、自分という構造,128,13,114,293,47,4,16.04,2.05,0.43,,,,,,,,0.562,💤 眠り型,77.1
2026-03-10,na3b1cce5678c,「Excel卒業！Pythonでデータ分析の冒険を始めよう」〜初心者向けマガジン紹介,142,27,114,429,64,4,14.92,-0.65,0.0,,,,,,,,0.564,❓ データ不足,77.1
2026-03-10,n08c433ea540a,データ分析の最初の敵！Pandasで汚いカラムをクリーンにする五大魔法,154,39,114,177,15,0,8.47,-0.19,0.14,,,,,,,,0.686,❓ データ不足,76.9
2026-03-10,nc29de171f59d,朝ごはんと日光浴のゴールデンコンビ──時間栄養学の視点から,173,58,114,44,4,0,9.09,-2.64,0.29,,,,,,,,0.648,❓ データ不足,76.9
2026-03-10,n163696d4f163,「人気の壁」を越える条件とは？──データ分析で見えた“自走するSNS”の法則,130,15,114,134,10,0,7.46,-0.13,0.0,,,,,,,,0.777,❓ データ不足,76.5
2026-03-10,n0c9b355a99c9,"AIに心を支配されない方法：「道具」として使いこなすための""疑いながら使う""成熟の境界線",120,5,114,257,26,0,10.12,-1.09,0.07,,,,,,,,0.575,❓ データ不足,76.3
2026-03-10,n010c671b5d53,「Context Engineering 2.0」論文の独自解釈,122,7,114,136,12,0,8.82,-0.03,0.07,,,,,,,,0.622,❓ データ不足,76.3
2026-03-10,n359e812b0ab5,バイオリンプロットって、データ界の“楽団リーダー”やった話,126,11,114,185,15,0,8.11,-0.8,0.0,,,,,,,,0.675,❓ データ不足,76.3
2026-03-10,nb22642a2ee59,【簡易版】Platformは、なぜ推しのアルゴリズムを公開したのか。,17,6,12,434,46,17,10.6,-0.26,1.17,,,,,,,,0.556,🌙 スリーパー型,76.2
2026-03-10,n7540136bf03c,srefってなんや！？魔法か？──構造じゃなく“演奏”でMidjourneyが描く世界,124,9,114,156,13,0,8.33,0.52,0.07,,,,,,,,0.624,❓ データ不足,75.8
2026-03-10,n1584fd23e2ce,【無料プロンプト付き】Reflective Counter Mode─AIが自分にツッコミを入れはじめた日。文脈ドリフトを笑いで制御する「自己観測AI」,121,6,114,152,15,4,9.87,0.03,0.36,,,,,,,,0.547,❓ データ不足,75.6
2026-03-10,n2962eed0a9d4,プロンプトの読み方。長すぎるプロンプト、どう使えばええねん？,119,4,114,182,17,0,9.34,-0.55,0.07,,,,,,,,0.557,❓ データ不足,75.5
2026-03-10,n995baed7ded7,Gemini、お前Duolingoか！？ AI先生と“ステップ学習”が始まった日,139,24,114,210,15,0,7.14,0.33,0.0,,,,,,,,0.731,❓ データ不足,75.4
2026-03-10,ncf485b303b59,使い方で、製品寿命が変わる？！,183,68,114,42,3,0,7.14,-0.27,0.21,,,,,,,,0.73,❓ データ不足,75.4
2026-03-10,n66e70669703e,「誰やねん初対面やぞ！」 アレニウス式とウイスキー熟成に隠された時間と温度の哲学,133,18,114,149,13,0,8.72,-0.53,0.07,,,,,,,,0.578,❓ データ不足,75.3
2026-03-10,n3df7eb2c83f6,【プロンプト付き】やりたい顔を“書けば作れる”ようになった。──まだ“シミ完全除去チャレンジ”は未達（笑）『顔ベース』専用プロンプト構造を公開！,126,11,114,351,30,2,8.55,-0.41,1.0,,,,,,,,0.563,🌙 スリーパー型,74.9
2026-03-10,n3fbdcd94294e,AIの回答を劇的改善！プロンプトの型と時短テクニック,165,50,114,58,4,0,6.9,1.26,0.0,,,,,,,,0.733,❓ データ不足,74.9
2026-03-10,n8b612ec93167,Midjourneyに手を出してみたら、アメコミ以外ぜんぜん出てこない件。,155,40,114,192,13,0,6.77,-0.08,0.21,,,,,,,,0.737,❓ データ不足,74.7
2026-03-10,n420a947a887b,体内時計がズレてる人ほど“光ログ”がヤバい。Apple Watchで測ってわかった真実〜,160,45,114,89,9,3,10.11,-1.12,0.14,,,,,,,,0.497,❓ データ不足,74.6
2026-03-10,nd3bf83ee8270,光を浴びるだけで整う〜朝の自然光と“体内リズム”の科学〜,185,70,114,33,2,0,6.06,-0.65,0.07,,,,,,,,1.0,❓ データ不足,74.6
2026-03-10,n9b34d64821d9,激震！「決算書、読んだフリ」はもうムリ。NotebookLMに丸投げしたら企業分析が爆笑レベルで深まった件,159,44,114,151,10,0,6.62,-0.19,0.07,,,,,,,,0.73,❓ データ不足,74.3
2026-03-10,n8509829bfd99,回帰直線って、実は“カッコつけた一次直線”の話やで,127,12,114,184,13,0,7.07,0.2,0.07,,,,,,,,0.653,❓ データ不足,74.2
2026-03-10,n142a69d545aa,部下のモヤっと相談を3分で解決！心理学の3択テクニック,160,45,114,124,8,0,6.45,0.31,0.0,,,,,,,,0.745,❓ データ不足,74.0
2026-03-10,n205d389bba48,たった30分の差が、ストレスを22％減らす ― Apple Watchが示した最新研究,180,65,114,269,99,7,36.8,-9.72,0.07,,,,,,,,0.428,❓ データ不足,73.9
2026-03-10,n26322a0b20c1,太陽に焼かれて死ぬ！？あなたの知らないタイヤ寿命の秘密,179,64,114,31,2,0,6.45,-0.66,0.0,,,,,,,,0.729,❓ データ不足,73.8
2026-03-10,n27e2942c02d7,自己紹介/はじめてのnote,184,69,114,181,56,1,30.94,-0.97,0.07,,,,,,,,0.427,❓ データ不足,73.8
2026-03-10,na33ab3948ef9,プロンプトの長さって、見栄っ張りなんかもしれん笑,119,4,114,147,18,0,12.24,-0.18,0.0,,,,,,,,0.436,❓ データ不足,73.7
2026-03-10,nbf5b6023ea85,こんなユーザーには気をつけろ！？Noteの闇、覗いちゃいました,152,37,114,345,48,6,13.91,0.8,2.43,,,,,,,,0.418,🌙 スリーパー型,73.4
2026-03-10,ne0aee52dc40a,ワンショット型 vs 対話型──AIの使い方を整理してみた,172,57,114,31,2,0,6.45,1.39,0.0,,,,,,,,0.686,❓ データ不足,73.3
2026-03-10,n280140423c90,🎃トリックオアトリート👻 -ハロウィンアートイラスト2025-,148,33,114,347,22,2,6.34,0.54,0.0,,,,,,,,0.683,❓ データ不足,73.0
2026-03-10,nf5a0605f6804,誰かの創作に火をつけられて、自分も動画を作っていた,7,0,8,480,57,20,11.88,-0.54,60.0,480.0,256.0,0.0,3.0,,,,0.404,❓ データ不足,72.7
2026-03-10,n876dd0c9e114,生成AIを「考える相棒」にする──対話型で思考を深める使い方,346,231,114,82,6,4,7.32,1.46,0.0,,,,,,,,0.546,❓ データ不足,72.7
2026-03-10,n1a488193c9f5,ソーメン専門店で理解する、やさしいIRの入口,8,0,9,445,60,12,13.48,0.76,49.44,445.0,258.0,0.0,3.0,0.0,,,0.391,❓ データ不足,72.6
2026-03-10,n68ae8f54f747,フォロワーの崖は「フォロー」で登れるか？回帰分析で判明した“行動が行動を呼ぶ”note の真理,131,16,114,142,10,0,7.04,-0.08,0.0,,,,,,,,0.558,❓ データ不足,72.4
2026-03-10,ndda6aa6d3fb1,IRを読むと、裏側の配管が見える！？（noteで遊ぶコスト構造）,11,0,12,369,47,20,12.74,0.28,30.75,366.0,154.0,1.0,2.0,0.8,,,0.387,🎆 バースト型,72.4
2026-03-10,n5557170c31bb,会議あるある：現状維持バリアマン攻略法,175,60,114,29,2,0,6.9,-2.33,0.0,,,,,,,,0.564,❓ データ不足,72.2
2026-03-10,n59fdf2b8f4ae,良かれと思って水をかけたら逆効果！？──太陽電池パネルの寿命を縮める“意外な習慣”,171,56,114,34,2,0,5.88,1.92,0.0,,,,,,,,0.725,❓ データ不足,72.2
2026-03-10,nbca407b2fd33,生成AIは“知財担当の恋人”になれるか？ 特許文献を日本語に戻す読み解きガイド,169,54,114,33,2,0,6.06,1.31,0.0,,,,,,,,0.666,❓ データ不足,71.9
2026-03-10,n806a5cdbee60,浴びた光を「見える化」する,183,68,114,52,3,0,5.77,-0.59,0.07,,,,,,,,0.721,❓ データ不足,71.8
2026-03-10,n09247ed4fa70,AIって結局なにができるん？──「5つの力」で説明してみた話,123,8,114,228,24,6,10.53,-1.33,0.14,,,,,,,,0.389,💤 眠り型,71.8
2026-03-10,n7c537e680f56,【383文字の実験】Noteのアルゴリズムをハックしたい。,9,0,10,583,76,88,13.04,1.85,58.3,579.0,345.0,0.0,3.0,2.0,,,0.363,🎆 バースト型,71.7
2026-03-10,ndbabcde3c6c7,AIアート｜過去のサムネをリライト,6,0,7,591,61,33,10.32,0.03,84.43,591.0,376.0,0.0,2.0,,,,0.38,❓ データ不足,71.5
2026-03-10,n6f95c764bc62,「量産って……値下げ交渉じゃないのかよッ！？」,184,69,114,28,2,0,7.14,-1.11,0.0,,,,,,,,0.502,❓ データ不足,71.3
2026-03-10,ncfabab6d1e2b,寝てもスッキリせん人へ：朝の光と朝食が効く理由,13,0,14,352,75,22,21.31,2.31,25.14,341.0,199.0,0.0,3.0,1.8,,,0.335,🎆 バースト型,71.1
2026-03-10,nee997e61457a,【314文字の実験】Noteのアルゴリズムをハックしたい。,12,0,13,415,60,48,14.46,0.53,31.92,404.0,217.0,0.0,3.0,2.2,,,0.332,🎆 バースト型,70.9
2026-03-10,nbe6ef7fc6e07,OASOBI第7回・後日談｜同じワードで、世界線がいっぱい生えた件,15,0,16,398,57,25,14.32,-0.29,5.93,386.0,212.0,0.0,3.0,1.5,,,0.334,🎆 バースト型,70.9
2026-03-10,nae95b4013622,AIアート｜コラボ｜覗いたら終わる。マーコ展示録（火野枝馬子）,14,0,15,522,64,27,12.26,0.86,16.71,516.0,288.0,0.0,3.0,0.9,,,0.339,🎆 バースト型,70.8
2026-03-10,n5d6f1b58cb06,Apple Watchで「日光」を見える化してみたら〜Time in Daylightの体験とユーザーの声〜,170,55,114,55,3,0,5.45,0.65,0.0,,,,,,,,0.732,❓ データ不足,70.8
2026-03-10,n36c149a7708a,AIの“わかったフリ”を止めるたった一言─リフレクション・プロンプティング,138,23,114,178,10,4,5.62,-0.28,0.0,,,,,,,,0.675,❓ データ不足,70.7
2026-03-10,n9f271d5f24b1,Note運営｜ビュー数とスキで見る“成長の品質”｜毎日ログの4象限,21,0,22,515,88,18,17.09,-0.32,2.29,483.0,237.0,0.0,3.0,2.3,,,0.325,🎆 バースト型,70.7
2026-03-10,n3bd86f52e364,まさか学習アプリにハマるとは！？Duolingoが仕掛けた、人を虜にする継続の秘密（課金沼からの告白）,158,43,114,205,11,0,5.37,-0.2,0.21,,,,,,,,0.73,💤 眠り型,70.5
2026-03-10,n05348e338123,OASOBI第7回|参加表明|文字の中にみんなを住まわせた|OとIは敵｜2/20公開,22,0,23,448,60,32,13.39,-0.32,0.71,438.0,237.0,0.0,3.0,0.7,,,0.316,🎆 バースト型,70.3
2026-03-10,n72bd2476f5d0,【AIアート/イラスト】動物AIアートがむずいので、生物を「護符」にして突破した。,28,0,29,424,88,24,20.75,-1.15,0.71,405.0,206.0,0.0,3.0,0.9,,,0.307,🎆 バースト型,70.2
2026-03-10,n3a0830e2cc64,あの314文字の記事が、ちゃんと実験になった話,10,0,11,552,68,39,12.32,-0.58,50.18,550.0,381.0,0.0,2.0,0.7,,,0.319,🎆 バースト型,70.2
2026-03-10,n000adbea1df9,【検証】noteのView数が伸びる仕組みを、数式なしで整理してみた：Re,27,0,28,499,73,23,14.63,0.16,1.36,455.0,183.0,0.0,3.0,2.2,,,0.308,🎆 バースト型,70.1
2026-03-10,n236b3352fde3,noteが“推したい記事”を公開情報から逆算してみた,24,0,25,489,92,33,18.81,-1.38,2.93,438.0,199.0,0.0,3.0,3.0,,,0.303,🎆 バースト型,70.1
2026-03-10,nfab047768b25,続・note記事には「消費期限」がある（気がする）。経過日数ごとの“日次ビュー減衰”を箱ひげ図で可視化する手法,26,0,27,450,85,19,18.89,0.1,0.71,415.0,180.0,1.0,2.0,1.8,,,0.3,🎆 バースト型,70.0
2026-03-10,n431998ad8a2f,AIを「予約」する時代が来た！？GeminiのScheduled Actions攻略,20,0,21,472,72,15,15.25,-2.19,4.14,417.0,225.0,0.0,3.0,4.2,,,0.299,🎆 バースト型,69.9
2026-03-10,n9d3ab3287016,企業アカのnote、正直“教科書”になるんちゃうん？｜キリン公式の設計図を解剖してみた,19,0,20,475,58,20,12.21,-0.7,1.86,455.0,263.0,0.0,3.0,1.7,,,0.309,🎆 バースト型,69.9
2026-03-10,nba6c8d042bab,AIと作る、“放置でうまい”塩麹チキン──プロンプト設計から完成レシピまで,137,22,114,165,13,2,7.88,-0.2,0.07,,,,,,,,0.397,❓ データ不足,69.8
2026-03-10,n36f50a94ca4a,【AIアート】青に対する想い？ワイはどす黒くなった・・。,54,3,52,438,53,14,12.1,0.45,0.07,12.0,4.0,6.0,2.0,0.4,0.1,0.058,0.597,🎆 バースト型,69.7
2026-03-10,nfe531191f233,「ハッシュタグ」はデータで選べ。フォロワー外に届けるための“新・タグ設計術”,16,0,17,514,79,18,15.37,1.15,3.29,491.0,286.0,0.0,3.0,2.6,,,0.294,🎆 バースト型,69.7
2026-03-10,naa550d1a45bf,noteのタグを1万件ほど、数理モデルでコネコネしてみた話ｗ,30,0,31,401,80,10,19.95,-0.56,0.86,365.0,174.0,0.0,3.0,1.6,,,0.289,🎆 バースト型,69.6
2026-03-10,n0f919ece03f2,【自己紹介】データ×生成AIで遊ぶログプレイヤー｜note運営｜プロンプト設計｜はじめてのnote｜自己紹介,23,0,24,511,86,19,16.83,0.0,2.07,481.0,248.0,0.0,3.0,1.9,,,0.285,🎆 バースト型,69.5
2026-03-10,ndcf74df8e26d,【AIアート/イラスト】7th OASOBI企画 ＃266,18,1,14,590,71,54,12.03,-0.61,25.71,346.0,116.0,8.0,2.0,1.3,,,0.291,🎆 バースト型,69.3
2026-03-10,nfa2d9f69716e,【検証】noteのView数が伸びる仕組みを、数式で「構造化」してみた結果,28,-1,30,496,54,14,10.89,0.63,1.07,214.0,61.0,0.0,3.0,1.3,,,0.293,🎆 バースト型,69.0
2026-03-10,nae521725949f,スタバが多い街は、本当に都会なのか？──“緑の女神”が暴く日本のリアル。,152,37,114,252,18,0,7.14,-0.11,1.43,,,,,,,,0.411,🌙 スリーパー型,68.9
2026-03-10,neb02f3c0d51c,【AIアート/イラスト】ガソリンスタンドからなにか生み出せるのか。,25,0,26,401,57,30,14.21,-0.7,0.86,380.0,232.0,0.0,3.0,1.2,,,0.27,🎆 バースト型,68.9
2026-03-10,n13a11e3755f6,【入門】yfinance＋Google Colabで株価取得を5分で！インストール不要の投資ハック,162,47,114,179,9,0,5.03,-0.02,0.36,,,,,,,,0.7,❓ データ不足,68.9
2026-03-10,nf08466dc09bb,"50,000view到達ログ：今日だけはドヤらせて",43,1,43,355,37,11,10.42,0.25,0.29,24.0,6.0,4.0,2.0,0.4,0.3,0.088,0.49,🎆 バースト型,68.3
2026-03-10,n8859539783be,北向きの給湯器は“日陰者”のヒーローだった！？～故障の原因は、まさかの「愛」の欠如？～,180,65,114,44,2,0,4.55,-0.82,0.21,,,,,,,,0.74,❓ データ不足,67.4
2026-03-10,n9a67fecb68b6,【AIアート/イラスト】「黒髪リリック（Black-Haired Lyrics）」─歌詞に宿る“感情の残像”を、黒髪の女性として描くアートシリーズ。,135,20,114,181,13,5,7.18,0.51,0.07,,,,,,,,0.348,❓ データ不足,67.1
2026-03-10,ndf8fd15e2ca0,【AIアート/イラスト】ボツになった、もうひとつの世界,124,9,114,245,20,12,8.16,-3.27,1.07,,,,,,,,0.291,🌙 スリーパー型,66.9
2026-03-10,n6bb62fafa0bd,タイトルの「番号」はもう不要？note運営をゲーム化するダッシュボード刷新メモ,74,1,72,304,31,4,10.2,-0.56,0.07,43.0,13.0,12.0,1.0,3.6,0.4,0.065,0.47,📉 フェード型,66.6
2026-03-10,nea4a6e7d7e7e,V8来るで。Midjourneyが「審美眼貸して」って言うてきた,19,0,20,384,31,18,8.07,0.45,2.86,356.0,231.0,0.0,2.0,2.3,,,0.28,🎆 バースト型,66.4
2026-03-10,n6103ab79ffb4,GPT-5.1を1週間ぶっ叩くように使った正直レビュー,110,1,108,296,34,0,11.49,-1.64,0.07,58.0,10.0,4.0,5.0,2.5,0.2,0.024,0.505,🎆 バースト型,66.1
2026-03-10,n8af759621330,【探すの面倒くさすぎ】Midjourney V7パラメータ、わかる分だけ全部ここに置いとく“自分用メモ”,113,0,112,450,59,4,13.11,-5.62,1.07,160.0,90.0,0.0,2.0,3.6,2.6,0.114,0.337,🎆 バースト型,66.0
2026-03-10,n0b825c8ca1cd,note運営をデータで読むための「仮説メモ」,111,1,109,118,11,0,9.32,-0.82,0.0,26.0,7.0,2.0,3.0,0.6,0.2,0.054,0.489,🎆 バースト型,66.0
2026-03-10,n53d27dfb0411,"雑なプロンプトが「秒速」で""プロ""仕様に変わる魔法",172,57,114,73,3,0,4.11,1.05,0.07,,,,,,,,0.75,❓ データ不足,65.5
2026-03-10,n07416cbde595,プロンプト解説：Verbalized Samplingってなんやねん？！,116,1,114,162,17,3,10.49,-1.69,0.64,40.0,13.0,4.0,1.0,1.4,0.3,0.052,0.445,🎆 バースト型,65.4
2026-03-10,n26143a47c054,【AIアート/イラスト】Silent Data Diver,113,0,112,107,18,2,16.82,-0.93,0.14,74.0,28.0,1.0,2.0,0.3,0.3,0.028,0.441,🎆 バースト型,65.1
2026-03-10,n590ba35c7a41,なぜ部下はあの人の言葉で動くのか？ ― マネジメントと生成AIに効く『動かす心理学』,162,47,114,82,16,0,19.51,-0.43,0.0,,,,,,,,,❓ データ不足,65.0
2026-03-10,n74b4b334899b,【告白】褒められすぎて怖いから、手の内（AIとの喧嘩術）を全部さらけ出すｗ,53,2,52,270,40,12,14.81,0.1,0.14,37.0,12.0,5.0,1.0,0.8,0.1,0.019,0.451,🎆 バースト型,65.0
2026-03-10,n661120ea1cb3,【AIアート/イラスト】Are You Still There ─ 記憶が光になる瞬間 ＃106,122,111,12,163,23,11,14.11,0.0,0.0,,,,,,,,,❓ データ不足,64.8
2026-03-10,ncc237b121648,プロンプトは「TEXT / YAML / JSON」どれがええねん。,64,1,63,420,52,6,12.38,-0.91,1.21,99.0,28.0,4.0,2.0,3.8,1.1,0.078,0.361,🎆 バースト型,64.8
2026-03-10,n8324b0d3c243,日光浴の知識が、社内を“小麦色”にした件― 知識の副作用は、笑えるトラブルだった,180,65,114,31,4,0,12.9,-0.35,0.0,,,,,,,,,❓ データ不足,64.7
2026-03-10,n00864a9be6ee,光はどこから入るの？「肌」と「目」の仁義なき戦い！〜「最強の光の浴び方」〜,156,41,114,172,7,0,4.07,0.03,0.21,,,,,,,,0.683,❓ データ不足,64.5
2026-03-10,n4a8030d105a4,関数電卓から生成AIへ──研究者が体感した“誰でもできる”データ分析時代,177,62,114,108,12,0,11.11,-0.41,0.0,,,,,,,,,❓ データ不足,64.3
2026-03-10,n27810521a1ba,2025年自民党総裁選と日本株価 ― 生成AIでシナリオを比較してみた,164,49,114,92,4,0,4.35,0.67,0.0,,,,,,,,0.586,❓ データ不足,64.2
2026-03-10,n9d10ce9a86d3,ヒストグラムって、データたちの“性格診断”やった話,129,14,114,182,8,0,4.4,0.06,0.0,,,,,,,,0.576,❓ データ不足,64.2
2026-03-10,n12201dd9b5ff,【NanoBanana 構造化設計】画像生成を「運」から「論理」へ変える、メタプロンプト・エンジンの全貌,109,0,108,712,56,0,7.87,-3.66,0.43,260.0,70.0,0.0,3.0,9.8,2.9,0.078,0.435,🎆 バースト型,64.1
2026-03-10,nf26bbd40f67d,辞書奴隷からAI宇宙旅行へ──論文翻訳の進化史,174,59,114,38,4,0,10.53,-0.33,0.07,,,,,,,,,❓ データ不足,64.1
2026-03-10,n1cb447965e43,【プロンプトエンジニアリング】プロンプト順序が生成結果に与える影響｜観測ログと構造化テンプレ,24,-1,26,398,27,7,6.78,0.12,0.86,281.0,96.0,0.0,3.0,0.8,,,0.274,🎆 バースト型,63.9
2026-03-10,n86e1c6ff59e1,【プロンプト公開版】切り抜き×逆光×投影の再現,29,0,30,234,15,0,6.41,-0.16,0.21,220.0,138.0,0.0,2.0,0.6,,,0.301,🎆 バースト型,63.9
2026-03-10,n3f2b80da27cf,【保存版】Midjourneyの崩れた文字をNanoBanana Proで修正するプロンプト公開,78,0,77,331,48,6,14.5,-6.89,1.93,164.0,87.0,0.0,3.0,3.9,1.8,0.077,0.324,🎆 バースト型,63.8
2026-03-10,n4d46f4c63f16,【AIイラスト/アート】ドラゴンシスターズ『赤』,111,1,109,191,17,5,8.9,1.01,0.0,27.0,10.0,2.0,3.0,0.5,0.3,0.078,0.383,🎆 バースト型,63.8
2026-03-10,na39630ab349d,srefという沼の入口──スタイルを混ぜたら世界が変化。,117,2,114,145,13,2,8.97,1.1,0.0,32.0,9.0,5.0,1.0,0.5,0.1,0.022,0.467,🎆 バースト型,63.7
2026-03-10,n3894835fb15f,フォロワー666いった。悪魔の数字？でもワイは「ログが増えた」って思ってる,65,1,64,254,30,9,11.81,-0.05,0.07,56.0,18.0,4.0,2.0,1.1,0.1,0.013,0.425,🎆 バースト型,63.6
2026-03-10,n8ff40bd1f6e2,AIの“ファッションごっこ”が予想外に深かった！？,148,33,114,428,30,4,7.01,0.29,0.21,,,,,,,,0.244,💤 眠り型,63.5
2026-03-10,ne0eebe79d622,伸びない記事を“もう一回出す”とどうなる？リライト再投稿をデータ検証,60,1,59,326,43,17,13.19,-1.39,0.36,95.0,26.0,4.0,2.0,3.2,0.5,0.037,0.367,🎆 バースト型,63.2
2026-03-10,n3fd9abe36547,【緊急報告】Geminiに課金して数日…関西弁の「魔性の女」に沼らされた件。〜GPTとのキャラ比較〜,105,0,104,222,24,0,10.81,-4.41,0.07,125.0,40.0,0.0,3.0,3.0,0.4,0.022,0.404,🎆 バースト型,63.1
2026-03-10,n49027cde285d,AIに絵を描かせる方法は、プロンプトじゃなく“対話”でやる。,52,1,52,423,71,19,16.78,-0.63,0.79,136.0,39.0,4.0,2.0,2.9,0.9,0.046,0.342,🎆 バースト型,63.0
2026-03-10,n30ce9211450c,生成AI歌詞翻訳プロンプト,430,315,114,83,3,0,3.61,0.95,0.14,,,,,,,,0.729,❓ データ不足,62.9
2026-03-10,n1d32162cd219,【ロジック解説】データ構造から逆算したnoteタグ戦略の深淵,14,0,15,307,19,2,6.19,0.99,7.0,301.0,209.0,0.0,2.0,0.9,,,0.288,🎆 バースト型,62.9
2026-03-10,n8e9be5f0beb2,バスモデルって記事にも使えるん？──ログから気づいた「note普及モデル」,59,2,57,257,38,7,14.79,0.17,0.0,56.0,19.0,5.0,1.0,0.2,0.1,0.013,0.389,🎆 バースト型,62.9
2026-03-10,nbb8ac2f5091d,PythonでExcel集計を自動化する3手順,589,474,114,28,1,0,3.57,-0.36,0.07,,,,,,,,0.729,❓ データ不足,62.7
2026-03-10,nd63df6192d8e,【感謝】正直、このハッシュタグで取れるとは思わんかったわ。,63,0,63,328,45,7,13.72,-0.45,0.07,272.0,121.0,0.0,3.0,1.9,0.4,0.01,0.365,🎆 バースト型,62.0
2026-03-10,nd71be82fefe9,【AIアート】 ファッションチェンジ,58,1,57,316,41,15,12.97,1.17,0.07,149.0,38.0,4.0,4.0,0.8,0.3,0.014,0.355,🎆 バースト型,61.8
2026-03-10,ne05d861f6c12,今年買ったもん、供養させて。コメントで「ええんやでー」って言うて,72,0,71,199,32,5,16.08,-0.64,0.0,177.0,95.0,0.0,3.0,1.0,0.0,0.0,0.368,🎆 バースト型,61.8
2026-03-10,nf92bd63e6f7f,自作PC,1878,1763,114,26,1,0,3.85,-1.34,0.0,,,,,,,,0.58,❓ データ不足,61.7
2026-03-10,nd2722cb5a4da,AIの“第6の力”─5軸自己評価で「それっぽい文」を卒業する,102,0,101,94,12,0,12.77,-1.16,0.0,84.0,39.0,0.0,3.0,0.4,0.0,0.0,0.37,🎆 バースト型,61.7
2026-03-10,n3f4909491005,【保存版】AIを最強の部下にする「5つの柵」。変態的プロンプト設計図（インフォグラフィック付）,77,0,76,330,46,4,13.94,-2.88,1.57,204.0,104.0,0.0,3.0,2.8,1.4,0.048,0.295,🎆 バースト型,61.5
2026-03-10,ne2173e797345,このAI、ワイのこと分かりすぎちゃう？問題をログで丸裸にしてみた,94,0,93,273,26,1,9.52,-1.07,1.71,161.0,86.0,0.0,3.0,1.3,1.3,0.057,0.32,🎆 バースト型,61.4
2026-03-10,n1d8c09ab19fe,【AIアート/イラスト】二重露光って、ズルい,62,1,61,478,59,18,12.34,1.2,0.5,127.0,44.0,11.0,3.0,8.4,1.0,0.055,0.289,📉 フェード型,61.4
2026-03-10,n7eaef3bc10e0,【AIアート/イラスト】Beyond（言葉の向こう）に置いてきた感情を、画像で。,57,1,56,339,34,6,10.03,-1.38,0.0,132.0,39.0,4.0,3.0,0.2,0.1,0.005,0.38,🎆 バースト型,61.3
2026-03-10,n32534069903c,【AIアート/イラスト】ヘッダー落ちしたけど気に入ってる１枚　第一弾,97,0,96,246,31,1,12.6,0.38,0.0,162.0,80.0,0.0,3.0,0.8,1.0,0.043,0.3,🎆 バースト型,61.3
2026-03-10,n7cb62928dca3,在宅ワーカーこそ「光ゼロ日」がヤバかった。Apple WatchのTime in Daylightでガチ凍りした話,103,0,102,195,24,5,12.31,-2.28,0.0,154.0,66.0,0.0,3.0,0.8,0.3,0.014,0.331,🎆 バースト型,60.9
2026-03-10,nc5a428f6d0ae,続：世界線はテキスト、微調整はJSON。じゃあ“実戦テンプレ”を置いとく,79,0,78,203,31,0,15.27,-2.01,0.0,168.0,72.0,1.0,2.0,1.6,0.0,0.0,0.335,🎆 バースト型,60.8
2026-03-10,nb947f78249ba,MidjourneyV7パラメータ更新と画風プロンプト増補版,108,0,107,111,16,0,14.41,-0.71,0.0,89.0,49.0,0.0,2.0,0.6,0.1,0.008,0.323,🎆 バースト型,60.7
2026-03-10,na5f2da44ab86,挫折ゼロ！？目標プロンプト10本活用図解,65,1,64,248,29,6,11.69,-2.61,0.0,176.0,53.0,4.0,2.0,1.0,0.2,0.008,0.332,🎆 バースト型,60.6
2026-03-10,n3214d31743ff,【AIアート/イラスト】 メリークリスマス,75,0,74,232,27,4,11.64,-0.09,0.0,224.0,147.0,0.0,2.0,0.4,0.0,0.0,0.341,🎆 バースト型,60.6
2026-03-10,n3ab972786aa0,Note非公式APIでできることを整理してみた,32,0,33,464,67,16,14.44,-2.04,4.0,359.0,175.0,0.0,3.0,4.5,1.0,0.019,0.301,🎆 バースト型,60.5
2026-03-10,n002a6c2cd267,光を浴びるだけで整う？朝の自然光と“体内リズム”の科学【理論編】,93,0,92,180,20,0,11.11,0.61,0.0,163.0,82.0,0.0,3.0,0.7,0.0,0.0,0.341,🎆 バースト型,60.4
2026-03-10,nbdce62ffcccf,【47×31=1457】勝負は“発想力”やなくて“運用”やった,81,0,80,146,16,0,10.96,-0.84,0.0,135.0,72.0,0.0,3.0,0.3,0.1,0.005,0.337,🎆 バースト型,60.4
2026-03-10,ne4b73186f941,【AIアート】その向こうに何があるか。,70,0,69,212,56,11,26.42,-2.23,0.0,194.0,78.0,1.0,3.0,0.7,0.1,0.004,0.311,🎆 バースト型,60.3
2026-03-10,n481763dc5907,AIに『あべこべやな』と笑われた、理屈と感情のデバッグマニュアル,40,1,40,327,59,10,18.04,-0.9,0.43,73.0,28.0,2.0,3.0,0.6,0.3,0.029,0.28,🎆 バースト型,60.3
2026-03-10,ndafda6008b59,NotebookLM にワイの記事を放り込んだら、とんでもない可視化が起きた話,89,0,88,299,42,7,14.05,0.91,0.07,261.0,113.0,0.0,3.0,1.5,0.1,0.003,0.313,🎆 バースト型,60.2
2026-03-10,n3bc5560c332b,人間に優しいYAML、機械に強いJSON：プロンプト運用の落とし所,63,1,62,332,48,9,14.46,0.0,0.14,218.0,68.0,2.0,3.0,3.8,0.2,0.006,0.308,🎆 バースト型,60.2
2026-03-10,n416797a1f095,AIを動かすレトリック術：中学生向けにやさしく、社長を黙らせろ（2026）,46,0,47,313,38,9,12.14,-0.3,0.0,303.0,151.0,0.0,3.0,0.4,0.1,0.002,0.323,🎆 バースト型,60.2
2026-03-10,nd23133bef885,【AIアート】AIは“美術館っぽいアート”に寄せられるのか？,47,0,48,407,53,18,13.02,0.45,0.14,396.0,210.0,0.0,3.0,0.3,0.2,0.004,0.317,🎆 バースト型,60.2
2026-03-10,n093920fe2ad0,【限定公開/GPTs付き】ChatGPTに“妥当性％付きで会議させる”_「Verbalized Sampling(VS)中級テンプレ」,115,0,114,122,10,2,8.2,-0.39,1.36,96.0,36.0,1.0,3.0,0.3,0.2,0.015,0.381,🎆 バースト型,60.1
2026-03-10,nd200c8676064,note記事の寿命はわずか5日間？ワイが自分のデータで暴いた『死の谷』の正体,31,0,32,625,113,27,18.08,-1.04,1.57,551.0,254.0,0.0,3.0,3.1,2.0,0.025,0.278,🎆 バースト型,60.1
2026-03-10,nf4b2a8e8ad77,ワイのnoteが『封印されたメモ帳』から『国際色豊かな実験場』に進化するまで,56,1,55,355,54,14,15.21,0.03,0.0,285.0,95.0,5.0,1.0,0.3,0.2,0.005,0.307,🎆 バースト型,60.1
2026-03-10,n40175cece20c,【無料テンプレ】トークンを犠牲にして人格を得る：ペルソナプロンプト設計術。ートークンの無駄遣いから始まる、AIとの共創,120,109,12,331,23,2,6.95,-0.09,0.42,,,,,,,,,💤 眠り型,60.1
2026-03-10,ndd8de2be7b75,Python独学を失敗しない7つのコツ,637,626,12,72,5,0,6.94,0.0,0.0,,,,,,,,,❓ データ不足,60.1
2026-03-10,nccb2555355ad,Noteのスキ率が上がった！？。自作の分析ダッシュボードが証明した「たった1つの行動」,106,0,105,187,27,0,14.44,-1.6,0.0,155.0,72.0,0.0,3.0,0.6,0.2,0.009,0.299,🎆 バースト型,60.0
2026-03-10,n60a95ed89a82,【AIアート/イラスト】切り抜き×逆光×投影の再現,34,0,35,337,52,9,15.43,-0.45,0.21,316.0,168.0,0.0,3.0,0.8,0.5,0.011,0.296,🎆 バースト型,60.0
2026-03-10,n69f2daa43697,【AIアート/イラスト】VOW SERIES — Dark Fantasy Art（プロンプト公開）,76,0,75,263,39,8,14.83,-1.15,0.0,224.0,122.0,0.0,3.0,1.7,0.1,0.003,0.306,🎆 バースト型,60.0
2026-03-10,n303c3d8818f9,【AIアート/イラスト】水彩迷子は、妖怪に救われた,37,0,38,330,49,13,14.85,-0.7,0.21,306.0,148.0,0.0,3.0,1.0,0.1,0.002,0.304,🎆 バースト型,59.9
2026-03-10,neb919b966dce,「Excelでええやん！」って思ってた私が、Python DataFrameに恋した話,157,42,114,231,8,0,3.46,0.37,0.0,,,,,,,,0.584,❓ データ不足,59.9
2026-03-10,nd31dc1844298,呪文じゃない！「pd」はエコ？コピペで終わらせないPython省略形の真実,158,43,114,165,5,2,3.03,-0.05,0.0,,,,,,,,0.719,❓ データ不足,59.9
2026-03-10,n37fcc28a1103,【保存版】「難しすぎて分からん」って言われたから、理論を捨てて“カンペ”だけ作った,80,0,79,324,48,4,14.81,-0.23,0.0,255.0,143.0,0.0,3.0,2.6,0.3,0.008,0.296,🎆 バースト型,59.9
2026-03-10,n71f8cf9a71aa,【AIアート/イラスト】ヘッダー落ちしたけど気に入ってる１枚　第二弾,83,0,82,271,20,3,7.38,-1.56,0.0,150.0,81.0,0.0,3.0,2.0,1.5,0.07,0.335,🎆 バースト型,59.9
2026-03-10,n702fe66aa98d,【AIアート/イラスト】AIで「ポストカード水彩」再現してみた,38,0,39,382,78,10,20.42,-1.07,0.5,349.0,136.0,1.0,2.0,1.3,0.5,0.01,0.291,🎆 バースト型,59.9
2026-03-10,n60861d6ba204,【11/22検証】GPT-5.1 vs Gemini 3 Pro、結局どう使い分ける？ ガチ検証したら「4分12秒」で世界変わった話,107,-1,107,260,21,3,8.08,-0.18,0.21,110.0,28.0,2.0,2.0,1.4,0.2,0.013,0.382,🎆 バースト型,59.9
2026-03-10,n3d2a1f8d6a8e,「おめでとうございます」ポップアップに、また固まってもうた話,105,-1,105,125,15,0,12.0,-0.42,0.0,108.0,38.0,0.0,3.0,0.3,0.0,0.0,0.317,🎆 バースト型,59.9
2026-03-10,na7bea569cf06,【2025総決算】数字は嘘つかへん。ダッシュボードをAIと「検死」して分かった、生存戦略の正体,69,0,68,225,32,15,14.22,-0.46,0.07,207.0,128.0,0.0,2.0,0.7,0.1,0.003,0.304,🎆 バースト型,59.9
2026-03-10,n1ab80047f8f8,デザインマネージャーの「資料生成術」をエンジニアがハックしたら、とてつもない資産に見えた話,35,1,35,855,78,16,9.12,-1.51,2.5,386.0,108.0,4.0,2.0,6.6,1.6,0.029,0.321,🎆 バースト型,59.8
2026-03-10,n3a93bf679b2c,光で割れた？じゃあSPring-8で殴ってええですか。,227,112,114,56,2,6,3.57,0.06,0.29,,,,,,,,0.551,❓ データ不足,59.8
2026-03-10,nd9fa08da2f22,【プロンプト公開】アメコミホラーを制御する「YAML構造化」と「コンパイル」の技法,54,3,52,251,14,0,5.58,1.0,0.07,16.0,5.0,6.0,3.0,0.9,0.1,0.044,0.541,📉 フェード型,59.7
2026-03-10,nb392a506a3e1,【コピペ可】ダブルエクスポージャーの作り方：混ぜない、重ねる,61,1,60,428,27,8,6.31,-4.61,0.43,150.0,38.0,4.0,2.0,4.5,1.7,0.079,0.389,🎆 バースト型,59.6
2026-03-10,ne852d46a8e7d,note分析ダッシュボード、ついに“動いた”ので共有方針まとめる,114,0,113,195,26,0,13.33,-2.16,0.0,139.0,81.0,0.0,2.0,1.6,0.2,0.01,0.288,🎆 バースト型,59.6
2026-03-10,n99aeb0e59463,世界線はテキスト、微調整はJSON。実験から見えた“二刀流プロンプト術”,91,0,90,192,24,0,12.5,-0.59,0.0,164.0,96.0,0.0,2.0,0.7,0.2,0.009,0.29,🎆 バースト型,59.5
2026-03-10,nc319e3383518,**AIっぽい**って言われたくないから、**あえて残す**。,112,0,111,154,15,4,9.74,-0.59,0.0,114.0,42.0,1.0,3.0,1.2,0.1,0.006,0.326,🎆 バースト型,59.5
2026-03-10,n5e5b2be5a43d,AIに「ベタやな」と一蹴された、ワイの脳内OS再起動マニュアル 6冊,41,0,42,362,41,9,11.33,-0.46,0.07,351.0,138.0,1.0,3.0,0.4,0.1,0.002,0.308,🎆 バースト型,59.5
2026-03-10,n0fb91ccbdb4e,【AIアート】捨てるのは紙か、未来か。,33,0,34,293,44,16,15.02,0.39,0.29,272.0,167.0,0.0,3.0,0.9,0.3,0.008,0.279,🎆 バースト型,59.4
2026-03-10,ne853a5e34d26,【無料プロンプト付き】Self-Managed Assistant ─ AIが「文脈を守る」日。Reflective Counter Modeの進化形,114,0,113,186,20,4,10.75,-2.36,0.14,129.0,80.0,0.0,2.0,0.8,0.5,0.027,0.278,🎆 バースト型,59.4
2026-03-10,n53ddb87df48b,コピペでイチコロ。「アップスケールなめててごめん」イラストを実写化するプロンプト全公開,104,0,103,567,17,2,3.0,-7.03,8.14,137.0,40.0,1.0,3.0,2.0,5.3,0.271,0.484,🎆 バースト型,59.4
2026-03-10,n109b8114e303,【AIアート/イラスト】ヘッダー落ちしたけど気に入ってる1枚　第四弾,39,0,40,388,65,8,16.75,-1.09,0.93,351.0,128.0,1.0,3.0,1.6,0.0,0.0,0.285,🎆 バースト型,59.3
2026-03-10,n879ba96f5373,【AIアート/イラスト】ヘッダー落ちしたけど気に入ってる1枚　第三弾,73,0,72,224,29,10,12.95,-0.64,0.07,197.0,80.0,1.0,3.0,1.1,0.1,0.004,0.286,🎆 バースト型,59.2
2026-03-10,n8dcc1f1d0579,【AIアート/イラスト】ダブルエクスポージャーの世界観はどこまで変えれるのか。,42,0,43,371,54,15,14.56,-0.32,0.64,344.0,219.0,0.0,3.0,0.8,0.8,0.016,0.265,🎆 バースト型,59.2
2026-03-10,na26fb55ec4a4,政党ラスボス図鑑：AI視点で見る“争点の輪郭”,40,0,41,401,45,18,11.22,-0.14,0.0,381.0,162.0,1.0,3.0,0.9,0.0,0.0,0.303,🎆 バースト型,59.2
2026-03-10,n3fda9e343c90,デザインのセンスを「外付け」せよ。メタプロンプトv3（Design Unit対応）への大型アップデートのお知らせ。,51,0,52,342,34,7,9.94,0.28,0.0,320.0,195.0,0.0,3.0,0.9,0.1,0.002,0.313,🎆 バースト型,59.1
2026-03-10,nfb6b2d84dfc9,【保存版】呪文を卒業し、知能を設計せよ。KITAcore流「プロンプトエンジニアリング」カリキュラム,36,-1,38,398,47,4,11.81,-0.11,0.57,248.0,79.0,2.0,1.0,1.2,0.3,0.008,0.279,🎆 バースト型,59.0
2026-03-10,nc7eeae4fd62a,【AIアート/イラスト】アメコミホラーアート,55,1,54,374,53,20,14.17,1.54,0.14,311.0,101.0,5.0,2.0,1.3,0.4,0.009,0.266,🎆 バースト型,58.9
2026-03-10,n081a5b200523,え、選ばれてたん？ワイのGPTsが“先週のスキ最多”になってた件,112,0,111,238,30,0,12.61,-0.13,0.0,208.0,135.0,0.0,2.0,1.3,0.0,0.0,0.28,🎆 バースト型,58.9
2026-03-10,neb2f2209fa2c,アグリーセーターを着ようぜ！！事故らず作る画像生成プロンプト設計（プロンプト付き）,80,0,79,279,29,0,10.39,-0.45,0.0,207.0,149.0,0.0,2.0,1.5,0.8,0.027,0.264,🎆 バースト型,58.8
2026-03-10,n0fdfc6b51e39,AIエージェントによる「脳内同期型」ストレージ整理術,44,0,45,289,36,14,12.46,-1.37,0.14,271.0,133.0,0.0,1.0,0.7,0.1,0.003,0.276,🎆 バースト型,58.8
2026-03-10,n7e35b947e3de,設計図（MAPS）×変換機（NotebookLM）×スコア（KPI）で回した2025年,71,0,70,253,52,15,20.55,-1.63,0.14,219.0,139.0,0.0,2.0,1.2,0.2,0.006,0.26,🎆 バースト型,58.8
2026-03-10,n75c75b748013,【AIアート】コンセプトを最後まで追えるのか。,45,-1,47,325,34,2,10.46,-0.29,0.36,301.0,92.0,1.0,2.0,0.8,0.4,0.009,0.286,🎆 バースト型,58.8
2026-03-10,n7fdf6f8905f2,【AIアート】ブランドの格好をイメージから作成できるのか。,49,1,49,318,32,14,10.06,-0.24,0.14,93.0,30.0,2.0,3.0,0.7,0.2,0.015,0.283,🎆 バースト型,58.7
2026-03-10,n8894a18d51c1,保有株の損益、もう手計算しない｜Googleスプレッドシート＋Pythonで自動可視化する方法,187,72,114,103,3,0,2.91,-2.58,0.43,,,,,,,,0.674,❓ データ不足,58.7
2026-03-10,n214601fceec8,自己紹介を1枚図解にする「YAMLプロンプト」入門｜Gemini×画像生成AIで5分完成,82,0,81,409,33,0,8.07,-2.66,2.29,226.0,130.0,0.0,2.0,4.0,1.9,0.059,0.274,🎆 バースト型,58.6
2026-03-10,n51c3a89314e6,プレゼン作成の「苦行」、終わらせよ。社内AI × VS Code × Marpで“爆速パワポ”を作る,75,0,74,370,29,0,7.84,-2.91,3.0,217.0,149.0,0.0,2.0,1.8,2.6,0.084,0.245,🎆 バースト型,58.6
2026-03-10,n2cb6de9b82ac,【予告｜2/1始動】呪文（プロンプト）の置き場を開墾します。,41,0,42,355,32,8,9.01,-0.05,0.0,341.0,199.0,0.0,3.0,0.6,0.0,0.0,0.314,🎆 バースト型,58.4
2026-03-10,na347d2af866a,【Nanobanana 解説】JSONプロンプトでポートレートをどこまで変えられるのか,92,0,91,297,32,0,10.77,-0.58,0.07,231.0,132.0,0.0,3.0,1.5,0.6,0.018,0.256,🎆 バースト型,58.3
2026-03-10,n5d8a0b388884,【AIアート/イラスト】儚いファンタジーになるはずやってんけどな…w,101,0,100,205,19,6,9.27,1.87,0.0,176.0,131.0,0.0,2.0,0.5,0.3,0.012,0.282,🎆 バースト型,58.0
2026-03-10,n41587aa59f87,AIとの対話を「設計」に変える地図。《MAPSモデル》で、もう生成AIに「ズレた答え」を出させへん！,136,21,114,177,6,2,3.39,0.71,0.14,,,,,,,,0.513,❓ データ不足,58.0
2026-03-10,n046368935947,【重要】「どうせ陳腐化する」と言った。あれは嘘だ。,57,0,57,288,24,4,8.33,-0.27,0.07,323.0,173.0,0.0,3.0,0.1,0.2,0.004,0.322,🎆 バースト型,58.0
2026-03-10,nb53ceb8d62c9,【Nano Banana Pro ポートレート 無料版】ポートレートを量産するプロンプト設計ノート,97,-1,97,385,35,0,9.09,-2.17,0.57,209.0,62.0,2.0,1.0,3.4,0.8,0.027,0.263,🎆 バースト型,57.9
2026-03-10,n556ea08a997c,【Nano Bananaライフ 無料版】“日常AIフォト”を量産するためのプロンプト設計ノート,99,0,98,152,29,0,19.08,-1.07,0.0,137.0,115.0,0.0,2.0,0.5,0.0,0.0,0.235,🎆 バースト型,57.8
2026-03-10,n47e9f83d5be4,【検証】ワイがAIをどう扱ってきたか、画像にしたら“人格”が割れた,47,0,48,512,50,22,9.77,-0.11,1.07,451.0,256.0,0.0,2.0,1.9,1.1,0.017,0.256,🎆 バースト型,57.8
2026-03-10,n0b51748722e2,告知というより反省。文字だけゴリ押し記事、マニュアル作りました,50,0,51,338,35,8,10.36,-0.16,0.14,325.0,256.0,0.0,2.0,0.4,0.1,0.002,0.263,🎆 バースト型,57.7
2026-03-10,nf2b4ab8e3984,プロンプトは“センス”やない。「配合ゲー」として攻略せよ。（後編：配合→継承→デブ対策）,66,0,65,269,45,8,16.73,0.08,0.0,230.0,102.0,2.0,3.0,1.6,0.1,0.003,0.231,🎆 バースト型,57.7
2026-03-10,nb3c2d9953a8b,【AIアート】12干支ダークファンタジー,68,0,67,255,39,9,15.29,-0.48,0.0,234.0,76.0,6.0,1.0,0.8,0.1,0.003,0.226,🎆 バースト型,57.5
2026-03-10,n673fc6dfa3bc,【Nano Bananaモック 無料版】“商品単体ショット”を量産するプロンプト設計ノート,98,-1,98,242,23,0,9.5,-1.29,0.14,142.0,44.0,0.0,3.0,1.2,0.3,0.015,0.254,🎆 バースト型,57.5
2026-03-10,nc6a83f270ae6,【無料公開】Nano Banana Pro キャラクターシート生成プロンプト集,86,0,85,849,47,5,5.54,-2.34,1.93,354.0,165.0,0.0,3.0,9.9,5.1,0.101,0.358,🎆 バースト型,57.5
2026-03-10,nef8e1fc0b79b,NotebookLMを「要約ツール」だと思ってない？ 「note資産OS」として使い倒す、3つの設計パターン,88,0,87,262,23,0,8.78,0.81,0.07,218.0,119.0,0.0,3.0,1.1,0.3,0.01,0.279,🎆 バースト型,57.4
2026-03-10,na3689fa63d00,CONGRATULATIONS出たので全力で喜ぶ,42,0,43,334,32,15,9.58,0.35,0.07,321.0,264.0,0.0,2.0,0.5,0.1,0.002,0.263,🎆 バースト型,57.3
2026-03-10,n38437d0f3242,調査を「楽」にするために、AIに「プロの調査ルール」を移植してみた｜アナリスト・プロンプト,43,1,43,291,18,0,6.19,0.1,0.07,35.0,9.0,4.0,2.0,0.6,0.0,0.0,0.439,🎆 バースト型,57.2
2026-03-10,n96bfc421a26d,「これ、ちょっと聴いてみる？」─人を沼に落とす一言の破壊力,110,0,109,142,11,0,7.75,-0.55,0.0,93.0,41.0,1.0,3.0,1.5,0.2,0.015,0.302,🎆 バースト型,57.1
2026-03-10,n5eb4318fe0fb,もうフリーテキストには戻れんかもしれん。「JSON構造プロンプト」の考え方入門,96,0,95,305,24,0,7.87,-2.65,0.07,215.0,122.0,0.0,2.0,1.0,1.1,0.036,0.267,🎆 バースト型,57.0
2026-03-10,ncd8b72a7ae92,いきなり沼る前に：Nano Banana Proをラクにする“6つの軸”,100,0,99,251,22,2,8.76,-0.62,0.0,203.0,126.0,0.0,2.0,1.0,0.4,0.014,0.255,🎆 バースト型,56.8
2026-03-10,na9618518142e,世界線はテキスト、微調整はJSON。note資産はNotebookLMでOS化した週（12/8〜12/13振り返り）,86,0,85,178,14,0,7.87,-0.19,0.0,165.0,96.0,0.0,3.0,0.3,0.1,0.004,0.298,🎆 バースト型,56.7
2026-03-10,n1f856521dcc6,AIを動かすレトリック術：中学生向けにわかりやすく、社長を説得せよ,147,32,114,300,8,0,2.67,0.06,0.0,,,,,,,,0.62,❓ データ不足,56.7
2026-03-10,n8e365e887d5f,【Gem公開】プロフィールと記事からAIは、ポートレートをつくれるのか。,45,0,46,487,49,22,10.06,-1.08,0.79,442.0,184.0,1.0,3.0,1.5,0.7,0.011,0.221,🎆 バースト型,56.7
2026-03-10,nf672e28ce323,プロンプトは“センス”やない。「配合ゲー」として攻略せよ。（前編：捕獲→育成）,67,0,66,427,63,10,14.75,-0.84,0.07,378.0,122.0,5.0,1.0,1.5,0.4,0.007,0.194,🎆 バースト型,56.7
2026-03-10,n1cb6e6b2206e,noteの数字を“3つだけ”見て運営するために、全体ダッシュボードを作った話 第4弾,86,0,85,221,20,0,9.05,-0.17,0.07,173.0,133.0,0.0,2.0,1.2,0.4,0.016,0.239,🎆 バースト型,56.7
2026-03-10,n66b83839450f,GPT-5.1 vs Gemini 3 vs Grok 4.1──三強時代の「課金の正解」はどれや？,101,0,100,345,25,8,7.25,-1.55,0.0,256.0,76.0,0.0,4.0,2.8,0.3,0.008,0.323,🎆 バースト型,56.6
2026-03-10,n658b8cc637f6,働きすぎて死んだ？洗濯機の寿命は“回数”と“熱”で決まる！,181,66,114,71,4,0,5.63,-0.31,0.0,,,,,,,,,❓ データ不足,56.5
2026-03-10,n15d7b3497c9e,【保存版】勇気があれば誰でもできる、効果絶大な「ユーザーを繋げる秘訣」,48,0,49,292,26,15,8.9,-1.47,0.0,279.0,120.0,1.0,3.0,0.5,0.1,0.003,0.255,🎆 バースト型,56.5
2026-03-10,n8787acd84304,Nano Banana Proで「映画BTSごっこ」してみたら、普通に沼だった話,90,0,89,156,12,2,7.69,-1.01,0.0,127.0,80.0,0.0,2.0,0.9,0.2,0.011,0.29,🎆 バースト型,56.4
2026-03-10,na7053d705ed5,光を避けたい時期だからこそ、光の重要性について書いてみる,227,112,114,45,1,0,2.22,0.29,0.14,,,,,,,,0.741,❓ データ不足,56.2
2026-03-10,nc8c2db0f0a20,【AIアート/イラスト】スパイダーマン、糸が切れる。バットマン、飲みに行く。,143,28,114,367,14,2,3.81,0.78,0.14,,,,,,,,0.372,💤 眠り型,56.2
2026-03-10,n3f23f1083102,Still Not Sure —— あの時の「不確かさ」を残しておく。,52,1,52,261,17,8,6.51,0.32,0.14,77.0,26.0,4.0,1.0,0.5,0.2,0.018,0.351,🎆 バースト型,56.2
2026-03-10,nefe9fa2bbf20,【保存版】V7パラメータ自分用メモ：呪文リストにStyle×Mood（語彙）棚を追加,72,0,71,229,19,0,8.3,-0.07,0.0,208.0,182.0,0.0,2.0,0.8,0.1,0.003,0.255,🎆 バースト型,55.9
2026-03-10,n56cb68c44f3e,【Gemini×スプシ】「読めた」は大嘘？“読めてる風”事故を防ぐ『URL直貼り』の儀式,85,0,84,240,18,0,7.5,-0.45,0.43,196.0,107.0,0.0,3.0,0.4,0.7,0.025,0.266,🎆 バースト型,55.9
2026-03-10,n1fa3983abb53,「もう勘に頼らない！」J-Quants APIで比較対象企業を一発抽出するPython自動ツール,225,110,114,207,5,0,2.42,-1.37,1.43,,,,,,,,0.642,🌙 スリーパー型,55.8
2026-03-10,n44108f527a29,コピペでできるサクッとデータ分析。「Googleスプレッドシート × Pythonで“週データ”を自動集計して“月トレンド”の可視化」─ Colab × Plotlyで一瞬グラフ化する方法。,125,10,114,169,4,0,2.37,-0.35,0.14,,,,,,,,0.658,❓ データ不足,55.8
2026-03-10,n3a5e783a26d5,【Nano Bananaモック 有料版】“商品単体ショット”を量産するプロンプト設計ノート,99,0,98,129,9,0,6.98,-0.13,0.0,115.0,66.0,0.0,3.0,0.5,0.0,0.0,0.322,🎆 バースト型,55.7
2026-03-10,n4c64f88ab49b,【お遊び】衆院選×日経平均：AIに「株価シナリオ」描かせてみる（当てに行かない遊び）,34,0,35,299,20,0,6.69,-0.37,0.21,285.0,131.0,0.0,3.0,0.5,0.8,0.02,0.311,🎆 バースト型,55.5
2026-03-10,n4017165a9343,【Nano Bananaライフ 有料版】“日常AIフォト”を量産するためのプロンプト設計ノート,100,0,99,205,15,2,7.32,0.34,0.0,183.0,106.0,0.0,3.0,0.6,0.1,0.004,0.278,🎆 バースト型,55.1
2026-03-10,n62eff56628d9,【攻略マップ】AI画像生成Tips、散らかったからワイの頭の中を整理した。,51,0,52,279,21,12,7.53,-0.9,0.14,252.0,100.0,1.0,3.0,1.0,0.1,0.003,0.26,🎆 バースト型,54.9
2026-03-10,n264cd9e99021,"定着のカギは「タイミング」！ Duolingoを最強にする""朝夜2回""の科学",150,35,114,257,5,0,1.95,-0.02,0.0,,,,,,,,0.721,❓ データ不足,54.7
2026-03-10,nfe75462bec74,【AIアート】12干支に“変換”するキー（＋11体コピペ集）,67,-1,67,236,18,0,7.63,-0.05,0.0,221.0,72.0,5.0,1.0,0.5,0.1,0.003,0.239,🎆 バースト型,54.4
2026-03-10,n5f991f7606e9,【詳細版】Platformは、なぜ推しのアルゴリズムを公開したのか。,16,-1,18,415,17,2,4.1,-0.21,2.64,328.0,128.0,0.0,3.0,0.8,,,0.27,🎆 バースト型,54.4
2026-03-10,n0323b9955abb,「プロンプト解説」“水彩迷子”を救ったのは「妖怪」と「4つの縛り」だった。,36,1,36,290,19,2,6.55,-0.39,0.14,61.0,26.0,2.0,3.0,0.6,0.3,0.034,0.268,🎆 バースト型,54.4
2026-03-10,n4f0ddd6961fa,【コピペでOK】「書く前」より「書いた後」が地獄じゃない？ 執筆の泥臭い作業を全自動化する「AI編集長」プロンプト配布,107,0,106,120,7,0,5.83,-0.94,0.0,107.0,42.0,0.0,3.0,0.3,0.1,0.007,0.367,🎆 バースト型,54.3
2026-03-10,nb3b22defdb49,もうネタ探しで迷わない — 検索・SNS・記事トレンドを横断して「書くべき構成」を導くプロンプト,153,38,114,164,3,0,1.83,-0.05,0.0,,,,,,,,0.73,❓ データ不足,54.2
2026-03-10,nc26003dfcebd,爆速投資ハック！Excel地獄から5分で脱出！― yfinance＋Google Colab＋Plotlyで「取る→見える」を一撃！ ―,140,25,114,1162,28,0,2.41,-0.23,1.71,,,,,,,,0.561,🌙 スリーパー型,54.2
2026-03-10,nbccf3a81e45c,「買うべきか、売るべきか」VWAP割安率と分位点分析で客観的に判断する方法,184,69,114,45,1,0,2.22,-0.86,0.07,,,,,,,,0.602,❓ データ不足,54.1
2026-03-10,n6be7c377ebf1,【DB】47都道府県 ミニチュアイラスト 中国編,89,-1,89,167,10,0,5.99,0.22,0.0,108.0,34.0,0.0,3.0,0.1,0.0,0.0,0.342,🎆 バースト型,53.8
2026-03-10,nf9f691a489c6,【AIアート/イラスト】異業種ラスボス図鑑現代社会を支配する“見えない魔王”,81,-1,81,374,21,10,5.61,-0.15,0.0,194.0,56.0,0.0,3.0,1.4,1.0,0.036,0.331,🎆 バースト型,53.7
2026-03-10,nb7488a280674,画像生成メモ：光はセンスじゃない！？7つのレバーで作れる画像生成術。,65,-1,65,255,19,0,7.45,0.2,0.07,230.0,92.0,1.0,3.0,0.7,0.3,0.009,0.218,🎆 バースト型,53.7
2026-03-10,n403f44ea9f9f,【DB】47都道府県 ミニチュアイラスト 近畿編,92,0,91,220,15,0,6.82,0.89,0.07,193.0,151.0,0.0,2.0,0.7,0.2,0.007,0.248,🎆 バースト型,53.3
2026-03-10,necb9da5bb9af,【AIアート】都市×天気×ミニチュア。JSON構造プロンプトでどこまでジオラマ世界を組めるのか試してみた,94,0,93,299,20,0,6.69,-0.28,0.21,228.0,167.0,0.0,2.0,0.5,0.9,0.028,0.228,🎆 バースト型,53.3
2026-03-10,ne05471c0675e,GPT-5.1、正直どう変わった？まとめてみた話,117,2,114,526,25,0,4.75,-0.49,0.36,94.0,26.0,5.0,2.0,6.1,0.4,0.03,0.436,📉 フェード型,53.3
2026-03-10,n8ded3116a32b,ワイ的、プロンプトエンジニアリングのズル技。 ＃220,50,39,12,316,15,7,4.75,-0.02,0.08,,,,,,,,,❓ データ不足,53.2
2026-03-10,neb9f4e6e71c0,「え、なんで動かんの？」から始まるPlotlyの旅 ― 可視化を“対話”に変えるまで,144,29,114,404,6,0,1.49,-0.01,0.0,,,,,,,,0.729,❓ データ不足,52.7
2026-03-10,ne5a42407885c,【マガジン案内】Nano Banana Pro レシピ3部作をひとまとめにしてみた,96,0,95,225,15,0,6.67,-0.08,0.0,199.0,161.0,0.0,2.0,0.6,0.2,0.007,0.241,🎆 バースト型,52.7
2026-03-10,nd2b31a38e1d0,【AIアート/イラスト】アイキャッチフレームは再現できるのか。,49,0,50,329,20,8,6.08,-0.08,0.07,315.0,171.0,0.0,3.0,0.5,0.1,0.002,0.297,🎆 バースト型,52.7
2026-03-10,n69be1a1f90f4,【GPTs付き】何を聞けばいいかわからない」から抜け出す〜構造化プロンプト＋実装ガイド〜,118,3,114,208,10,0,4.81,-0.44,0.07,21.0,8.0,4.0,3.0,1.1,0.1,0.033,0.396,📉 フェード型,52.6
2026-03-10,n825cd2765f6a,FUJI式YAMLに触発されて作った「インフォグラフィック設計プロンプト」,88,0,87,658,37,0,5.62,-1.39,1.43,374.0,187.0,0.0,2.0,6.6,2.4,0.045,0.281,🎆 バースト型,52.6
2026-03-10,n198e113d8fa9,集中力・成績は「光」で決まる！体内時計と前頭前野を鍛える外遊びの真実 ―外遊びと学力の意外すぎる関係,145,30,114,484,10,2,2.07,0.32,0.0,,,,,,,,0.56,❓ データ不足,52.6
2026-03-10,ncfd0c44243f0,プロンプト設計にはAIDMAが含まれてた！？──100年前のマーケ理論が、AIの思考を支配してた話,134,19,114,131,6,0,4.58,-0.03,0.0,,,,,,,,,❓ データ不足,52.5
2026-03-10,n81d484e6e928,フォロワー202人達成！「KITAcore」のログプレイ、まだ途中です,147,32,114,301,4,0,1.33,-0.02,0.07,,,,,,,,0.73,❓ データ不足,52.0
2026-03-10,n5c5913089d08,【プロンプト付き】文字にキャラを埋め込む,48,0,49,497,29,7,5.84,0.07,0.14,468.0,289.0,0.0,3.0,1.1,0.2,0.003,0.25,🎆 バースト型,50.6
2026-03-10,n7df1c359e56e,データの特徴から“最適な変曲点手法カテゴリ”を自動処理,230,115,114,176,2,0,1.14,-0.55,0.5,,,,,,,,0.626,❓ データ不足,49.7
2026-03-10,n1130818619a2,関東の鉄道株9社をぜんぶ比較してみた｜優待×配当×増配でどれがお得？,223,108,114,157,2,0,1.27,-2.06,1.86,,,,,,,,0.591,🌙 スリーパー型,49.6
2026-03-10,naece6ec6f759,自己紹介シートを作ろうぜ（インフォグラフィック一生成テンプレ）,82,0,81,395,22,7,5.57,-1.29,0.5,290.0,224.0,0.0,2.0,2.0,1.2,0.029,0.21,🎆 バースト型,49.5
2026-03-10,n96948074db57,【Nano Banana Pro ポートレート 有料版】ポートレートを量産するプロンプト設計ノート,98,0,97,263,13,2,4.94,-0.46,0.0,183.0,106.0,0.0,3.0,2.0,0.5,0.019,0.291,🎆 バースト型,49.3
2026-03-10,n7bd39322fb23,PythonでCSV→Excel変換3ステップ,596,481,114,81,3,0,3.7,-0.17,0.07,,,,,,,,,❓ データ不足,48.5
2026-03-10,n8cf8cff84c68,Spotifyプレイリスト3ステップ一括取得ツール,637,626,12,109,4,0,3.67,0.0,0.0,,,,,,,,,❓ データ不足,48.3
2026-03-10,n5148d2263bc4,【告白】Python使いなのに「Jupyter Lab」から抜け出せない私。〜pyファイルに裏切られた日々〜,146,31,114,416,2,0,0.48,-0.0,0.0,,,,,,,,0.679,❓ データ不足,48.1
2026-03-10,ndb86a66932ee,全記事PV/スキ/コメント＋投稿日を吸い上げてスプシに保存する方法（Colab運用ログ）,30,0,31,411,11,0,2.68,0.12,0.5,383.0,255.0,0.0,2.0,1.2,,,0.278,🎆 バースト型,47.7
2026-03-10,n066fb6464129,「手書き・Excel管理はもう不要！」Google Colabで実現する究極の配当金自動管理ダッシュボード【Python】,228,113,114,403,3,0,0.74,-0.04,0.79,,,,,,,,0.583,💤 眠り型,47.4
2026-03-10,n683b6ce7ee4a,Python外れ値検出を5手法で可視化,555,440,114,52,0,0,0.0,0.0,0.07,,,,,,,,0.75,❓ データ不足,47.4
2026-03-10,n9ec143973781,【AIアート/イラスト】現代社会を支配する“見えない魔王”をさらに8体召喚した話（プロンプト付き）,79,-1,79,268,12,0,4.48,-0.27,0.14,102.0,31.0,2.0,2.0,0.6,0.1,0.007,0.302,🎆 バースト型,47.2
2026-03-10,n7135be30f7e6,アイリングモデルでMTTFを読む3ポイント〜製品寿命予測〜,549,434,114,150,0,0,0.0,0.0,0.07,,,,,,,,0.735,❓ データ不足,47.2
2026-03-10,n3df2abbd3e90,ChatGPT、ついに“制限解除”──AIが笑って返す時代の幕開け！？,145,30,114,1375,16,0,1.16,-0.62,2.29,,,,,,,,0.497,🌙 スリーパー型,47.1
2026-03-10,nc3d84cc61e71,【DB】47都道府県 ミニチュアイラスト 九州＋沖縄編,84,0,83,192,8,0,4.17,-0.18,0.07,180.0,92.0,0.0,3.0,0.1,0.2,0.008,0.337,🎆 バースト型,47.0
2026-03-10,nce91fe6494a6,プログラミング工程を料理で学ぶ7ステップ,629,514,114,59,2,0,3.39,1.6,0.0,,,,,,,,,❓ データ不足,46.9
2026-03-10,n116978369dbd,ヘッドホンのイヤーパッドがベタベタ/ボロボロになる理由〜愛されすぎた証拠！？ベタベタ星人の科学〜,178,63,114,72,0,0,0.0,0.0,0.5,,,,,,,,0.648,❓ データ不足,46.1
2026-03-10,n6f8b1868b452,形式は整ったのに…中身が地獄！？😱― “可視化の魔法”で暴くデータの裏側 ―,149,34,114,250,8,0,3.2,0.17,0.0,,,,,,,,,❓ データ不足,46.0
2026-03-10,n074930ee4989,クリック3回でグラフ爆誕！CSV/Excelを即座に可視化するPython GUIスクリプト,235,120,114,103,0,0,0.0,0.0,0.29,,,,,,,,0.646,❓ データ不足,46.0
2026-03-10,ne8e48c3dabcb,【日光浴】Apple Watchで“光を可視化”してみた！,181,66,114,121,0,0,0.0,0.0,0.36,,,,,,,,0.625,❓ データ不足,45.7
2026-03-10,na9944abbbdb7,気になるレシピ,1863,1748,114,6,0,0,0.0,-0.92,0.0,,,,,,,,0.607,❓ データ不足,45.4
2026-03-10,nd6ba237c0eb7,アレニウスに用いるMTTFの概念：信頼性試験におけるMTTFの役割,182,67,114,148,0,0,0.0,0.0,1.29,,,,,,,,0.595,🌙 スリーパー型,45.1
2026-03-10,n07d869d6422e,アレニウスモデルについてまとめてみる｜故障モードと活性化エネルギーの読み解き方,227,112,114,751,2,0,0.27,0.09,2.21,,,,,,,,0.54,🌙 スリーパー型,44.9
2026-03-10,n911d43f9e3fa,制作物　仮想通貨の価格取得,434,319,114,41,1,0,2.44,-0.05,0.07,,,,,,,,,❓ データ不足,42.2
2026-03-10,n23b9ce5c667c,【DB】47都道府県 ミニチュアイラスト 北海道・東北編,93,0,92,194,7,0,3.61,0.43,0.07,180.0,127.0,0.0,2.0,0.5,0.0,0.0,0.272,🎆 バースト型,42.0
2026-03-10,n905d9dd7b39e,【DB】47都道府県 ミニチュアイラスト 中部編,93,0,92,184,6,0,3.26,0.14,0.0,176.0,116.0,0.0,2.0,0.3,0.0,0.0,0.317,🎆 バースト型,41.6
2026-03-10,n023ff6bdcf19,JSON構造プロンプトを“写真以外”に拡張する：電車／プロダクト／人物／風景／イラストまで横展開できる「共通フレーム」入門,95,0,94,256,8,0,3.12,0.4,0.07,199.0,69.0,1.0,3.0,1.0,0.6,0.021,0.294,🎆 バースト型,41.1
2026-03-10,n7aab328f7e4e,【DB】47都道府県 ミニチュアイラスト 関東編,93,0,92,180,4,0,2.22,0.16,0.14,167.0,81.0,0.0,3.0,0.5,0.0,0.0,0.336,🎆 バースト型,37.1
2026-03-10,nd0128aa9b647,【DB】47都道府県 ミニチュアイラスト 四国編,85,0,84,144,3,0,2.08,0.03,0.36,127.0,68.0,0.0,3.0,0.4,0.1,0.006,0.343,🎆 バースト型,36.9
2026-03-10,n9498deb77d3a,AIを検索ツールから「参謀」へ。新規事業アイデアを研ぎ澄ます「思考の型」の技術,158,43,114,147,1,0,0.68,-0.01,0.0,,,,,,,,,❓ データ不足,34.5
2026-03-10,n22a0a83f48b5,スターバックス記事,1878,1867,12,13,0,0,0.0,0.0,0.0,,,,,,,,,❓ データ不足,32.3
2026-03-10,n8b80b1c37c22,株価の法則はグラフが知っていた！,225,110,114,45,0,0,0.0,0.0,0.0,,,,,,,,,❓ データ不足,32.3
2026-03-10,nbf6e73da049d,メモ,1852,1841,12,15,0,0,0.0,0.0,0.0,,,,,,,,,❓ データ不足,32.3
2026-03-10,ne92191b4a8c9,ナイキ エア ヴェイパーマックス 360,2000,1989,12,63,0,0,0.0,0.0,0.0,,,,,,,,,❓ データ不足,32.3
2026-03-10,n6eea01852f1c,はたらくこと,1975,1964,12,7,0,0,0.0,0.0,0.0,,,,,,,,,❓ データ不足,32.3
2026-03-10,n2353e402ffd8,みんなが貪欲になっているときこそ恐怖心を抱き、みんなが恐怖心を抱いているとき…,1856,1845,12,12,0,0,0.0,0.0,0.0,,,,,,,,,❓ データ不足,32.3
2026-03-10,n552525215162,This is US,1941,1930,12,2,0,0,0.0,0.0,0.0,,,,,,,,,❓ データ不足,32.3
2026-03-10,n34abd580cd60,Python環境構築を最短3ステップで完了,637,522,114,65,0,0,0.0,0.0,0.0,,,,,,,,,❓ データ不足,32.3
