rank,key,title,期間増加PV,1日平均PV,期間開始PV,期間終了PV,分析期間(日),集計日
1,n8267f9389393,月曜に見かけるあの存在を、勝手に推すことにした｜非公認クラブ｜Monday｜ダルメイ｜,778,25.93,0,778,30,2026-04-11
2,n2f90b0f875ae,備忘録｜発行済み｜ 会員証｜ダルメイ｜,701,23.37,0,701,30,2026-04-11
3,n07718b48b033,愛を数値化したら、ちょっと怖くてめちゃくちゃ面白かった｜note運用｜フォロワー｜つながり｜コラム｜,682,22.73,0,682,30,2026-04-11
4,n165fc3619e8a,『宇宙珍獣ユル勇者あかね』祭りに乗ったら、創作が暴走した｜AIイラスト｜AIアート｜,667,22.23,0,667,30,2026-04-11
5,n07197895a3e9,「群衆で構成された巨大な○○」をもっと自由に作る｜動物・神話生物・シンボル編｜Midjourney｜構造化｜プロンプト|,660,22.0,0,660,30,2026-04-11
6,n7b682c6fa0fd,他人のキャラを自分の世界に混ぜるのはアリか？を遊びながら試した話｜創作｜AI活用｜生成AI｜画像生成AI｜,648,21.6,0,648,30,2026-04-11
7,n857e1f752c2e,「肩見せて、誘惑しないと」と言われたので、ワイも本気を出してみた。,634,21.13,0,634,30,2026-04-11
8,n69248aa87f12,余白の妖精を召喚したはずが、静かな構造体が出てきた話｜創作｜AI活用｜生成AI｜画像生成AI｜,607,20.23,0,607,30,2026-04-11
9,n097e5b798056,プロンプト教、構造派に入信した話｜AI活用|生成AI|ChatGPT|note運用|最近の学び|,596,19.87,0,596,30,2026-04-11
10,n204ca8f1a30a,AIを毎日召喚してた人を、召喚してみた話｜創作｜AI活用｜召喚企画｜,584,19.47,0,584,30,2026-04-11
11,n14d128958abc,3つの見せ方で楽しむファンタジーキャラクター制作ログ｜デザイン｜創作｜試行錯誤｜最近の学び｜,579,19.3,0,579,30,2026-04-11
12,nb8e8de0aabb8,表紙の一枚から写真集をつくれるのか。｜AIアート｜画像生成｜クリエイティブ｜,575,19.17,0,575,30,2026-04-11
13,na174a3a630f3,5名予定がXX名に。KITAcore召喚企画を5名＋αで続行します｜note｜創作｜AI活用｜生成AI｜,574,19.13,0,574,30,2026-04-11
14,n523dbbb83efb,やさしい顔の裏に、設計図がおった話｜創作｜AI活用｜生成AI｜画像生成AI｜,561,18.7,0,561,30,2026-04-11
15,nc32cbcac11b3,プロンプト、毎回ゼロから書いてしんどくない？｜生成AI｜プロンプト｜制作ログ｜,551,18.37,0,551,30,2026-04-11
16,n334ef1190d54,コラボ企画｜過去作を再利用してクリエイターを召喚する企画｜コラボ創作の新しい形｜画像生成AI｜創作｜実験｜note運用｜,550,18.33,0,550,30,2026-04-11
17,nace51bade3c8,軽いノリで始めた会員証が、気づけば祭りになっていた話｜note運用｜記事｜つながり｜デザイン｜創作｜,548,18.27,0,548,30,2026-04-11
18,n7c0ac8c69fcb,会員証のついでに、FC動画まで作ってもうた話｜ファンクラブ｜ダルメイ｜AI動画｜,524,17.47,0,524,30,2026-04-11
19,nc050f21065a6,これは事故か、作品か。｜イラスト｜アート｜生成AI｜,522,17.4,0,522,30,2026-04-11
20,n4df26924361c,「癒し×気づき×笑い」を画像に翻訳しようとしたら、キノコが出てきた話｜創作｜AI活用｜生成AI｜画像生成AI｜,519,17.3,0,519,30,2026-04-11
21,n49581ca64d63,検証不足の過去記事を見直して気づいた、プロンプト設計の変化|AI活用｜生成AI｜ChatGPT｜Gemini｜,518,17.27,0,518,30,2026-04-11
22,n9605484b22ec,何を作ったのかを“雰囲気ごと”受け取る最近の学び｜試行錯誤｜日記｜エッセイ｜capcut｜,476,15.87,0,476,30,2026-04-11
23,nd7e8d8d1f696,コラボしても初日は普通やった。でも翌日が全然ちがう話｜note実験｜,465,15.5,0,465,30,2026-04-11
24,n7f472192316e,noteダッシュボードを“分析画面”から“ハブ”に作り直した話｜note運営｜ダッシュボード｜データ分析｜UXデザイン｜,459,15.3,0,459,30,2026-04-11
25,n33a65d1f4b95,「奇跡の1枚」はいらない。再現できる異常性がほしい｜AIアート｜生成AI｜プロンプト｜,445,14.83,0,445,30,2026-04-11
26,n2048486b8993,メンシプβ版終了と新プラン開始のお知らせ｜note運用｜note収益化｜学び｜試行錯誤｜,432,14.4,0,432,30,2026-04-11
27,nca814dd2d8da,昔のサムネを見返したら、下手さより“その時の熱”が残ってた話｜Gemini｜デザイン｜note運用｜最近の学び｜,426,14.2,0,426,30,2026-04-11
28,n5f594f849c4b,noteの「初速スキ」とバズはほんまに関係あるんか？|Note運営|データ分析|,423,14.1,0,423,30,2026-04-11
29,na4abe86e6e5c,プロンプト教・構造派が拗らせるとこうなる｜生成AI｜プロンプト｜,422,14.07,0,422,30,2026-04-11
30,na78164f7ade7,3月の月間ランキング発表｜応援の軌跡を残すアーカイブ｜note運用｜学び｜日記｜日常｜振り返り｜,414,13.8,0,414,30,2026-04-11
31,n8da8091b30f1,読まれ方でViewは変わるのか。314文字と383文字で実験してみた結果｜note運営｜記事｜,390,13.0,0,390,30,2026-04-11
32,n752e308d78e3,AIに「こんな感じで作って」が一発で伝わる魔法のファイルを知ってる？｜生成AI｜デザイン｜AI活用｜,380,12.67,0,380,30,2026-04-11
33,ne41b5368282d,"「初速は効く」はほんまに頑健なんか？ 4,166本で見直した話|Note運営|データ分析|",354,11.8,0,354,30,2026-04-11
34,nc466c22ba3b6,noteの週次・月次データを自動集計する方法｜振り返り運営｜Python｜,297,9.9,0,297,30,2026-04-11
35,n20327bbb52a0,朝の曲に「お前、ほんまに本音で生きてるか」って言われた気がした｜エッセイ｜気づき｜人生｜コラム｜,297,9.9,0,297,30,2026-04-11
36,n658b04d856df,AI検索に最適化しようとしたら、自分の関西弁が戦犯やった｜AI活用｜生成AI｜書き方｜,293,9.77,0,293,30,2026-04-11
37,nd946a5f905a2,KITAcoreのAI×思考ログへようこそ — プロンプト設計、アート、そして人生のログプレイ,269,8.97,1037,1306,30,2026-04-11
38,n4d3268312eea,300本以上書いて、自分のnoteを一番わかってなかったのはワイやった｜AI活用｜note運営｜データ分析｜自己紹介｜,262,8.73,0,262,30,2026-04-11
39,nab59db8b2331,小人の世界が、やっとつながりはじめた｜AIアート｜AIイラスト｜生成AI｜,221,7.37,322,543,30,2026-04-11
40,n0c975488dac3,顔だけのリファレンスシートを作る｜実写→イラスト｜イラスト→実写｜AI活用｜創作｜,200,6.67,0,200,30,2026-04-11
41,nc6a83f270ae6,【無料公開】Nano Banana Pro キャラクターシート生成プロンプト集,198,6.6,853,1051,30,2026-04-11
42,n53ddb87df48b,コピペでイチコロ。「アップスケールなめててごめん」イラストを実写化するプロンプト全公開,167,5.57,585,752,30,2026-04-11
43,n6293052c90d8,noteのViewが伸びる『仕組み』を33記事のログで検証｜フォロワー数は打ち上げ台｜飛距離は記事の設計次第｜,127,4.23,338,465,30,2026-04-11
44,ne2bb6d38c4e3,Noteの閲覧数・スキ数を自動で収集する方法｜GitHub｜クリエイター支援｜データ分析｜Note運営｜,110,3.67,442,552,30,2026-04-11
45,n51c3a89314e6,プレゼン作成の「苦行」、終わらせよ。社内AI × VS Code × Marpで“爆速パワポ”を作る,105,3.5,377,482,30,2026-04-11
46,ne42952207820,note運営を“感覚”から“見える化”へ｜GitHub Pagesでダッシュボードを作る｜データ分析｜,90,3.0,515,605,30,2026-04-11
47,n0f919ece03f2,【自己紹介】データ×生成AIで遊ぶログプレイヤー｜note運営｜プロンプト設計｜はじめてのnote｜自己紹介,83,2.77,515,598,30,2026-04-11
48,n214601fceec8,自己紹介を1枚図解にする「YAMLプロンプト」入門｜Gemini×画像生成AIで5分完成,74,2.47,414,488,30,2026-04-11
49,n0cd6640704fd,noteダッシュボードを“見る画面”から“眺めたくなる画面”にしてみた｜note運営｜データ分析｜,71,2.37,399,470,30,2026-04-11
50,n6a60dcb7331c,【AIイラスト】記事サムネの振り返り｜2026年2月の制作ログ｜イラスト｜アート｜サムネ｜,68,2.27,333,401,30,2026-04-11
51,n431998ad8a2f,AIを「予約」する時代が来た！？GeminiのScheduled Actions攻略,66,2.2,478,544,30,2026-04-11
52,nb1ad629c3521,note記事のPVとスキをデータ分析して見えたこと|人・仕掛け・フォロワーが届き方を変える|分析|データ| note運用|AI活用|生成AI,62,2.07,489,551,30,2026-04-11
53,n1130818619a2,関東の鉄道株9社をぜんぶ比較してみた｜優待×配当×増配でどれがお得？,59,1.97,160,219,30,2026-04-11
54,n3df7eb2c83f6,【プロンプト付き】やりたい顔を“書けば作れる”ようになった。──まだ“シミ完全除去チャレンジ”は未達（笑）『顔ベース』専用プロンプト構造を公開！,58,1.93,352,410,30,2026-04-11
55,n07d869d6422e,アレニウスモデルについてまとめてみる｜故障モードと活性化エネルギーの読み解き方,56,1.87,758,814,30,2026-04-11
56,nee2cf5453f61,初期の実写を掘り返したら、まだ普通に好きやった｜AIアート｜創作｜,48,1.6,398,446,30,2026-04-11
57,n3ab972786aa0,Note非公式APIでできることを整理してみた,46,1.53,464,510,30,2026-04-11
58,n825cd2765f6a,FUJI式YAMLに触発されて作った「インフォグラフィック設計プロンプト」,43,1.43,660,703,30,2026-04-11
59,n1fa3983abb53,「もう勘に頼らない！」J-Quants APIで比較対象企業を一発抽出するPython自動ツール,43,1.43,211,254,30,2026-04-11
60,n8a465fd66c5f,投資家って何者なん？を理解するとIRが、ちょっと面白くなる ｜株式投資｜IR｜,41,1.37,393,434,30,2026-04-11
61,n236b3352fde3,noteが“推したい記事”を公開情報から逆算してみた,40,1.33,496,536,30,2026-04-11
62,n066fb6464129,「手書き・Excel管理はもう不要！」Google Colabで実現する究極の配当金自動管理ダッシュボード【Python】,38,1.27,403,441,30,2026-04-11
63,n702fe66aa98d,【AIアート/イラスト】AIで「ポストカード水彩」再現してみた,37,1.23,384,421,30,2026-04-11
64,n3f4909491005,【保存版】AIを最強の部下にする「5つの柵」。変態的プロンプト設計図（インフォグラフィック付）,35,1.17,331,366,30,2026-04-11
65,n8af759621330,【探すの面倒くさすぎ】Midjourney V7パラメータ、わかる分だけ全部ここに置いとく“自分用メモ”,34,1.13,453,487,30,2026-04-11
66,nfe531191f233,「ハッシュタグ」はデータで選べ。フォロワー外に届けるための“新・タグ設計術”,33,1.1,519,552,30,2026-04-11
67,n8e365e887d5f,【Gem公開】プロフィールと記事からAIは、ポートレートをつくれるのか。,32,1.07,487,519,30,2026-04-11
68,ncc237b121648,プロンプトは「TEXT / YAML / JSON」どれがええねん。,32,1.07,421,453,30,2026-04-11
69,naece6ec6f759,自己紹介シートを作ろうぜ（インフォグラフィック一生成テンプレ）,31,1.03,397,428,30,2026-04-11
70,n8894a18d51c1,保有株の損益、もう手計算しない｜Googleスプレッドシート＋Pythonで自動可視化する方法,30,1.0,104,134,30,2026-04-11
71,nae95b4013622,AIアート｜コラボ｜覗いたら終わる。マーコ展示録（火野枝馬子）,30,1.0,524,554,30,2026-04-11
72,n9f271d5f24b1,Note運営｜ビュー数とスキで見る“成長の品質”｜毎日ログの4象限,29,0.97,518,547,30,2026-04-11
73,n8cf8cff84c68,Spotifyプレイリスト3ステップ一括取得ツール,29,0.97,109,138,30,2026-04-11
74,n155066063025,ワイが裏で仕掛けてたnote実験、まとめて白状しとく。,29,0.97,459,488,30,2026-04-11
75,nea4a6e7d7e7e,V8来るで。Midjourneyが「審美眼貸して」って言うてきた,29,0.97,387,416,30,2026-04-11
76,n1ab80047f8f8,デザインマネージャーの「資料生成術」をエンジニアがハックしたら、とてつもない資産に見えた話,28,0.93,860,888,30,2026-04-11
77,n3df2abbd3e90,ChatGPT、ついに“制限解除”──AIが笑って返す時代の幕開け！？,28,0.93,1375,1403,30,2026-04-11
78,ndd8de2be7b75,Python独学を失敗しない7つのコツ,26,0.87,72,98,30,2026-04-11
79,nc26003dfcebd,爆速投資ハック！Excel地獄から5分で脱出！― yfinance＋Google Colab＋Plotlyで「取る→見える」を一撃！ ―,25,0.83,1162,1187,30,2026-04-11
80,nb392a506a3e1,【コピペ可】ダブルエクスポージャーの作り方：混ぜない、重ねる,25,0.83,429,454,30,2026-04-11
81,n9d3ab3287016,企業アカのnote、正直“教科書”になるんちゃうん？｜キリン公式の設計図を解剖してみた,25,0.83,478,503,30,2026-04-11
82,ndbabcde3c6c7,AIアート｜過去のサムネをリライト,25,0.83,595,620,30,2026-04-11
83,n12201dd9b5ff,【NanoBanana 構造化設計】画像生成を「運」から「論理」へ変える、メタプロンプト・エンジンの全貌,25,0.83,714,739,30,2026-04-11
84,n7135be30f7e6,アイリングモデルでMTTFを読む3ポイント〜製品寿命予測〜,22,0.73,150,172,30,2026-04-11
85,ndcf74df8e26d,【AIアート/イラスト】7th OASOBI企画 ＃266,22,0.73,594,616,30,2026-04-11
86,n7c537e680f56,【383文字の実験】Noteのアルゴリズムをハックしたい。,22,0.73,585,607,30,2026-04-11
87,n72bd2476f5d0,【AIアート/イラスト】動物AIアートがむずいので、生物を「護符」にして突破した。,22,0.73,425,447,30,2026-04-11
88,n1a488193c9f5,ソーメン専門店で理解する、やさしいIRの入口,20,0.67,445,465,30,2026-04-11
89,n1d32162cd219,【ロジック解説】データ構造から逆算したnoteタグ戦略の深淵,20,0.67,307,327,30,2026-04-11
90,nbe6ef7fc6e07,OASOBI第7回・後日談｜同じワードで、世界線がいっぱい生えた件,20,0.67,401,421,30,2026-04-11
91,ncd8b72a7ae92,いきなり沼る前に：Nano Banana Proをラクにする“6つの軸”,19,0.63,255,274,30,2026-04-11
92,na3689fa63d00,CONGRATULATIONS出たので全力で喜ぶ,19,0.63,334,353,30,2026-04-11
93,n7df1c359e56e,データの特徴から“最適な変曲点手法カテゴリ”を自動処理,19,0.63,179,198,30,2026-04-11
94,n9ec143973781,【AIアート/イラスト】現代社会を支配する“見えない魔王”をさらに8体召喚した話（プロンプト付き）,19,0.63,268,287,30,2026-04-11
95,n5c5913089d08,【プロンプト付き】文字にキャラを埋め込む,19,0.63,497,516,30,2026-04-11
96,n56cb68c44f3e,【Gemini×スプシ】「読めた」は大嘘？“読めてる風”事故を防ぐ『URL直貼り』の儀式,19,0.63,240,259,30,2026-04-11
97,n49027cde285d,AIに絵を描かせる方法は、プロンプトじゃなく“対話”でやる。,18,0.6,423,441,30,2026-04-11
98,nfab047768b25,続・note記事には「消費期限」がある（気がする）。経過日数ごとの“日次ビュー減衰”を箱ひげ図で可視化する手法,18,0.6,450,468,30,2026-04-11
99,nd200c8676064,note記事の寿命はわずか5日間？ワイが自分のデータで暴いた『死の谷』の正体,18,0.6,625,643,30,2026-04-11
100,na3b1cce5678c,「Excel卒業！Pythonでデータ分析の冒険を始めよう」〜初心者向けマガジン紹介,18,0.6,429,447,30,2026-04-11
101,nd6ba237c0eb7,アレニウスに用いるMTTFの概念：信頼性試験におけるMTTFの役割,18,0.6,151,169,30,2026-04-11
102,ne8e48c3dabcb,【日光浴】Apple Watchで“光を可視化”してみた！,17,0.57,121,138,30,2026-04-11
103,n75c75b748013,【AIアート】コンセプトを最後まで追えるのか。,17,0.57,325,342,30,2026-04-11
104,n13a11e3755f6,【入門】yfinance＋Google Colabで株価取得を5分で！インストール不要の投資ハック,17,0.57,179,196,30,2026-04-11
105,ndb86a66932ee,全記事PV/スキ/コメント＋投稿日を吸い上げてスプシに保存する方法（Colab運用ログ）,17,0.57,411,428,30,2026-04-11
106,naa550d1a45bf,noteのタグを1万件ほど、数理モデルでコネコネしてみた話ｗ,17,0.57,401,418,30,2026-04-11
107,n86e1c6ff59e1,【プロンプト公開版】切り抜き×逆光×投影の再現,17,0.57,234,251,30,2026-04-11
108,ncd12f1fca6d2,自己紹介 Ver.2 ─ 60日後に見えた、自分という構造,17,0.57,294,311,30,2026-04-11
109,nfa2d9f69716e,【検証】noteのView数が伸びる仕組みを、数式で「構造化」してみた結果,17,0.57,496,513,30,2026-04-11
110,ncfabab6d1e2b,寝てもスッキリせん人へ：朝の光と朝食が効く理由,17,0.57,352,369,30,2026-04-11
111,nf08466dc09bb,"50,000view到達ログ：今日だけはドヤらせて",16,0.53,355,371,30,2026-04-11
112,n1cb447965e43,【プロンプトエンジニアリング】プロンプト順序が生成結果に与える影響｜観測ログと構造化テンプレ,15,0.5,399,414,30,2026-04-11
113,n5f991f7606e9,【詳細版】Platformは、なぜ推しのアルゴリズムを公開したのか。,15,0.5,417,432,30,2026-04-11
114,n683b6ce7ee4a,Python外れ値検出を5手法で可視化,15,0.5,52,67,30,2026-04-11
115,nf5a0605f6804,誰かの創作に火をつけられて、自分も動画を作っていた,15,0.5,496,511,30,2026-04-11
116,ne2173e797345,このAI、ワイのこと分かりすぎちゃう？問題をログで丸裸にしてみた,15,0.5,274,289,30,2026-04-11
117,nfb6b2d84dfc9,【保存版】呪文を卒業し、知能を設計せよ。KITAcore流「プロンプトエンジニアリング」カリキュラム,15,0.5,398,413,30,2026-04-11
118,necb9da5bb9af,【AIアート】都市×天気×ミニチュア。JSON構造プロンプトでどこまでジオラマ世界を組めるのか試してみた,15,0.5,299,314,30,2026-04-11
119,neb02f3c0d51c,【AIアート/イラスト】ガソリンスタンドからなにか生み出せるのか。,15,0.5,401,416,30,2026-04-11
120,n47e9f83d5be4,【検証】ワイがAIをどう扱ってきたか、画像にしたら“人格”が割れた,14,0.47,512,526,30,2026-04-11
121,n8dcc1f1d0579,【AIアート/イラスト】ダブルエクスポージャーの世界観はどこまで変えれるのか。,14,0.47,371,385,30,2026-04-11
122,nb53ceb8d62c9,【Nano Banana Pro ポートレート 無料版】ポートレートを量産するプロンプト設計ノート,14,0.47,385,399,30,2026-04-11
123,nb3c2d9953a8b,【AIアート】12干支ダークファンタジー,14,0.47,255,269,30,2026-04-11
124,nae521725949f,スタバが多い街は、本当に都会なのか？──“緑の女神”が暴く日本のリアル。,14,0.47,252,266,30,2026-04-11
125,nee997e61457a,【314文字の実験】Noteのアルゴリズムをハックしたい。,14,0.47,416,430,30,2026-04-11
126,n0323b9955abb,「プロンプト解説」“水彩迷子”を救ったのは「妖怪」と「4つの縛り」だった。,14,0.47,290,304,30,2026-04-11
127,n27e2942c02d7,自己紹介/はじめてのnote,14,0.47,181,195,30,2026-04-11
128,n000adbea1df9,【検証】noteのView数が伸びる仕組みを、数式なしで整理してみた：Re,14,0.47,499,513,30,2026-04-11
129,n205d389bba48,たった30分の差が、ストレスを22％減らす ― Apple Watchが示した最新研究,13,0.43,269,282,30,2026-04-11
130,na347d2af866a,【Nanobanana 解説】JSONプロンプトでポートレートをどこまで変えられるのか,13,0.43,298,311,30,2026-04-11
131,n5e5b2be5a43d,AIに「ベタやな」と一蹴された、ワイの脳内OS再起動マニュアル 6冊,13,0.43,362,375,30,2026-04-11
132,na26fb55ec4a4,政党ラスボス図鑑：AI視点で見る“争点の輪郭”,13,0.43,401,414,30,2026-04-11
133,n74b4b334899b,【告白】褒められすぎて怖いから、手の内（AIとの喧嘩術）を全部さらけ出すｗ,12,0.4,270,282,30,2026-04-11
134,n09247ed4fa70,AIって結局なにができるん？──「5つの力」で説明してみた話,12,0.4,229,241,30,2026-04-11
135,n303c3d8818f9,【AIアート/イラスト】水彩迷子は、妖怪に救われた,12,0.4,330,342,30,2026-04-11
136,n7fdf6f8905f2,【AIアート】ブランドの格好をイメージから作成できるのか。,12,0.4,318,330,30,2026-04-11
137,nb22642a2ee59,【簡易版】Platformは、なぜ推しのアルゴリズムを公開したのか。,12,0.4,436,448,30,2026-04-11
138,nbf5b6023ea85,こんなユーザーには気をつけろ！？Noteの闇、覗いちゃいました,11,0.37,347,358,30,2026-04-11
139,n109b8114e303,【AIアート/イラスト】ヘッダー落ちしたけど気に入ってる1枚　第四弾,11,0.37,389,400,30,2026-04-11
140,n60a95ed89a82,【AIアート/イラスト】切り抜き×逆光×投影の再現,11,0.37,337,348,30,2026-04-11
141,nbb8ac2f5091d,PythonでExcel集計を自動化する3手順,11,0.37,28,39,30,2026-04-11
142,n3a0830e2cc64,あの314文字の記事が、ちゃんと実験になった話,11,0.37,555,566,30,2026-04-11
143,n30ce9211450c,生成AI歌詞翻訳プロンプト,10,0.33,83,93,30,2026-04-11
144,n26a2d7839528,Python環境構築は恋愛だった！？〜初学者エンジニアが辿り着いた、ゆるふわPythonライフ〜,10,0.33,103,113,30,2026-04-11
145,n4a8030d105a4,関数電卓から生成AIへ──研究者が体感した“誰でもできる”データ分析時代,10,0.33,108,118,30,2026-04-11
146,n116978369dbd,ヘッドホンのイヤーパッドがベタベタ/ボロボロになる理由〜愛されすぎた証拠！？ベタベタ星人の科学〜,10,0.33,72,82,30,2026-04-11
147,n05348e338123,OASOBI第7回|参加表明|文字の中にみんなを住まわせた|OとIは敵｜2/20公開,10,0.33,450,460,30,2026-04-11
148,ndda6aa6d3fb1,IRを読むと、裏側の配管が見える！？（noteで遊ぶコスト構造）,10,0.33,370,380,30,2026-04-11
149,n71f8cf9a71aa,【AIアート/イラスト】ヘッダー落ちしたけど気に入ってる１枚　第二弾,10,0.33,271,281,30,2026-04-11
150,n876dd0c9e114,生成AIを「考える相棒」にする──対話型で思考を深める使い方,9,0.3,82,91,30,2026-04-11
151,n879ba96f5373,【AIアート/イラスト】ヘッダー落ちしたけど気に入ってる1枚　第三弾,9,0.3,224,233,30,2026-04-11
152,n34abd580cd60,Python環境構築を最短3ステップで完了,9,0.3,65,74,30,2026-04-11
153,n3bc5560c332b,人間に優しいYAML、機械に強いJSON：プロンプト運用の落とし所,9,0.3,334,343,30,2026-04-11
154,n44108f527a29,コピペでできるサクッとデータ分析。「Googleスプレッドシート × Pythonで“週データ”を自動集計して“月トレンド”の可視化」─ Colab × Plotlyで一瞬グラフ化する方法。,9,0.3,169,178,30,2026-04-11
155,n62eff56628d9,【攻略マップ】AI画像生成Tips、散らかったからワイの頭の中を整理した。,9,0.3,279,288,30,2026-04-11
156,n7bd39322fb23,PythonでCSV→Excel変換3ステップ,9,0.3,81,90,30,2026-04-11
157,n15d7b3497c9e,【保存版】勇気があれば誰でもできる、効果絶大な「ユーザーを繋げる秘訣」,9,0.3,292,301,30,2026-04-11
158,nc7eeae4fd62a,【AIアート/イラスト】アメコミホラーアート,9,0.3,374,383,30,2026-04-11
159,nd9fa08da2f22,【プロンプト公開】アメコミホラーを制御する「YAML構造化」と「コンパイル」の技法,9,0.3,251,260,30,2026-04-11
160,nd23133bef885,【AIアート】AIは“美術館っぽいアート”に寄せられるのか？,9,0.3,407,416,30,2026-04-11
161,n2cb6de9b82ac,【予告｜2/1始動】呪文（プロンプト）の置き場を開墾します。,9,0.3,355,364,30,2026-04-11
162,n38437d0f3242,調査を「楽」にするために、AIに「プロの調査ルール」を移植してみた｜アナリスト・プロンプト,8,0.27,291,299,30,2026-04-11
163,n8551a6a14870,生成AIで「調査チーム」を作ってみた〜GPT・Gemini・Grok・Perplexityの役割分担〜,8,0.27,111,119,30,2026-04-11
164,n348ed9904976,名刺の「箱」で展示会に挑んだ後輩：令和の新人、謎の節約術,8,0.27,42,50,30,2026-04-11
165,n074930ee4989,クリック3回でグラフ爆誕！CSV/Excelを即座に可視化するPython GUIスクリプト,8,0.27,104,112,30,2026-04-11
166,nf9f691a489c6,【AIアート/イラスト】異業種ラスボス図鑑現代社会を支配する“見えない魔王”,8,0.27,374,382,30,2026-04-11
167,n8e9be5f0beb2,バスモデルって記事にも使えるん？──ログから気づいた「note普及モデル」,8,0.27,257,265,30,2026-04-11
168,n32534069903c,【AIアート/イラスト】ヘッダー落ちしたけど気に入ってる１枚　第一弾,8,0.27,246,254,30,2026-04-11
169,n66e70669703e,「誰やねん初対面やぞ！」 アレニウス式とウイスキー熟成に隠された時間と温度の哲学,8,0.27,149,157,30,2026-04-11
170,n023ff6bdcf19,JSON構造プロンプトを“写真以外”に拡張する：電車／プロダクト／人物／風景／イラストまで横展開できる「共通フレーム」入門,8,0.27,256,264,30,2026-04-11
171,n41587aa59f87,AIとの対話を「設計」に変える地図。《MAPSモデル》で、もう生成AIに「ズレた答え」を出させへん！,8,0.27,177,185,30,2026-04-11
172,n36f50a94ca4a,【AIアート】青に対する想い？ワイはどす黒くなった・・。,7,0.23,438,445,30,2026-04-11
173,nfe75462bec74,【AIアート】12干支に“変換”するキー（＋11体コピペ集）,7,0.23,236,243,30,2026-04-11
174,n8787acd84304,Nano Banana Proで「映画BTSごっこ」してみたら、普通に沼だった話,7,0.23,156,163,30,2026-04-11
175,n8859539783be,北向きの給湯器は“日陰者”のヒーローだった！？～故障の原因は、まさかの「愛」の欠如？～,7,0.23,44,51,30,2026-04-11
176,nce91fe6494a6,プログラミング工程を料理で学ぶ7ステップ,7,0.23,59,66,30,2026-04-11
177,n416797a1f095,AIを動かすレトリック術：中学生向けにやさしく、社長を黙らせろ（2026）,7,0.23,313,320,30,2026-04-11
178,n5d6f1b58cb06,Apple Watchで「日光」を見える化してみたら〜Time in Daylightの体験とユーザーの声〜,7,0.23,57,64,30,2026-04-11
179,n481763dc5907,AIに『あべこべやな』と笑われた、理屈と感情のデバッグマニュアル,7,0.23,327,334,30,2026-04-11
180,nefe9fa2bbf20,【保存版】V7パラメータ自分用メモ：呪文リストにStyle×Mood（語彙）棚を追加,7,0.23,229,236,30,2026-04-11
181,n0fdfc6b51e39,AIエージェントによる「脳内同期型」ストレージ整理術,7,0.23,289,296,30,2026-04-11
182,n590ba35c7a41,なぜ部下はあの人の言葉で動くのか？ ― マネジメントと生成AIに効く『動かす心理学』,7,0.23,82,89,30,2026-04-11
183,n0b51748722e2,告知というより反省。文字だけゴリ押し記事、マニュアル作りました,7,0.23,338,345,30,2026-04-11
184,n3fd9abe36547,【緊急報告】Geminiに課金して数日…関西弁の「魔性の女」に沼らされた件。〜GPTとのキャラ比較〜,6,0.2,223,229,30,2026-04-11
185,n4c64f88ab49b,【お遊び】衆院選×日経平均：AIに「株価シナリオ」描かせてみる（当てに行かない遊び）,6,0.2,299,305,30,2026-04-11
186,nf4b2a8e8ad77,ワイのnoteが『封印されたメモ帳』から『国際色豊かな実験場』に進化するまで,6,0.2,355,361,30,2026-04-11
187,nef8e1fc0b79b,NotebookLMを「要約ツール」だと思ってない？ 「note資産OS」として使い倒す、3つの設計パターン,6,0.2,262,268,30,2026-04-11
188,ncf485b303b59,使い方で、製品寿命が変わる？！,6,0.2,42,48,30,2026-04-11
189,n911d43f9e3fa,制作物　仮想通貨の価格取得,6,0.2,41,47,30,2026-04-11
190,na9618518142e,世界線はテキスト、微調整はJSON。note資産はNotebookLMでOS化した週（12/8〜12/13振り返り）,6,0.2,178,184,30,2026-04-11
191,na39630ab349d,srefという沼の入口──スタイルを混ぜたら世界が変化。,6,0.2,145,151,30,2026-04-11
192,n99aeb0e59463,世界線はテキスト、微調整はJSON。実験から見えた“二刀流プロンプト術”,6,0.2,192,198,30,2026-04-11
193,nb7488a280674,画像生成メモ：光はセンスじゃない！？7つのレバーで作れる画像生成術。,6,0.2,255,261,30,2026-04-11
194,nc3d84cc61e71,【DB】47都道府県 ミニチュアイラスト 九州＋沖縄編,6,0.2,192,198,30,2026-04-11
195,nd3bf83ee8270,光を浴びるだけで整う〜朝の自然光と“体内リズム”の科学〜,6,0.2,33,39,30,2026-04-11
196,n8307b08e003d,「モジュールってなんだよ！」 理系研究者がAIに裏切られ、初めてのPythonで叫ぶ,6,0.2,93,99,30,2026-04-11
197,n3f2b80da27cf,【保存版】Midjourneyの崩れた文字をNanoBanana Proで修正するプロンプト公開,6,0.2,332,338,30,2026-04-11
198,n3a93bf679b2c,光で割れた？じゃあSPring-8で殴ってええですか。,6,0.2,56,62,30,2026-04-11
199,ne852d46a8e7d,note分析ダッシュボード、ついに“動いた”ので共有方針まとめる,5,0.17,195,200,30,2026-04-11
200,n046368935947,【重要】「どうせ陳腐化する」と言った。あれは嘘だ。,5,0.17,288,293,30,2026-04-11
201,n264cd9e99021,"定着のカギは「タイミング」！ Duolingoを最強にする""朝夜2回""の科学",5,0.17,257,262,30,2026-04-11
202,n1d8c09ab19fe,【AIアート/イラスト】二重露光って、ズルい,5,0.17,478,483,30,2026-04-11
203,n673fc6dfa3bc,【Nano Bananaモック 無料版】“商品単体ショット”を量産するプロンプト設計ノート,5,0.17,242,247,30,2026-04-11
204,n59fdf2b8f4ae,良かれと思って水をかけたら逆効果！？──太陽電池パネルの寿命を縮める“意外な習慣”,5,0.17,34,39,30,2026-04-11
205,n5557170c31bb,会議あるある：現状維持バリアマン攻略法,5,0.17,29,34,30,2026-04-11
206,n0fb91ccbdb4e,【AIアート】捨てるのは紙か、未来か。,5,0.17,293,298,30,2026-04-11
207,n6f95c764bc62,「量産って……値下げ交渉じゃないのかよッ！？」,5,0.17,28,33,30,2026-04-11
208,n75c22ba2457f,日光と食事と睡眠の関係について,5,0.17,43,48,30,2026-04-11
209,neb2f2209fa2c,アグリーセーターを着ようぜ！！事故らず作る画像生成プロンプト設計（プロンプト付き）,5,0.17,279,284,30,2026-04-11
210,ne0aee52dc40a,ワンショット型 vs 対話型──AIの使い方を整理してみた,5,0.17,31,36,30,2026-04-11
211,ne05471c0675e,GPT-5.1、正直どう変わった？まとめてみた話,5,0.17,527,532,30,2026-04-11
212,n359e812b0ab5,バイオリンプロットって、データ界の“楽団リーダー”やった話,5,0.17,185,190,30,2026-04-11
213,n8ded3116a32b,ワイ的、プロンプトエンジニアリングのズル技。 ＃220,5,0.17,316,321,30,2026-04-11
214,n3fda9e343c90,デザインのセンスを「外付け」せよ。メタプロンプトv3（Design Unit対応）への大型アップデートのお知らせ。,5,0.17,342,347,30,2026-04-11
215,n37fcc28a1103,【保存版】「難しすぎて分からん」って言われたから、理論を捨てて“カンペ”だけ作った,5,0.17,324,329,30,2026-04-11
216,na7bea569cf06,【2025総決算】数字は嘘つかへん。ダッシュボードをAIと「検死」して分かった、生存戦略の正体,5,0.17,225,230,30,2026-04-11
217,n3f23f1083102,Still Not Sure —— あの時の「不確かさ」を残しておく。,4,0.13,261,265,30,2026-04-11
218,n4017165a9343,【Nano Bananaライフ 有料版】“日常AIフォト”を量産するためのプロンプト設計ノート,4,0.13,205,209,30,2026-04-11
219,nd31dc1844298,呪文じゃない！「pd」はエコ？コピペで終わらせないPython省略形の真実,4,0.13,165,169,30,2026-04-11
220,nd71be82fefe9,【AIアート】 ファッションチェンジ,4,0.13,316,320,30,2026-04-11
221,nbca407b2fd33,生成AIは“知財担当の恋人”になれるか？ 特許文献を日本語に戻す読み解きガイド,4,0.13,33,37,30,2026-04-11
222,nc29de171f59d,朝ごはんと日光浴のゴールデンコンビ──時間栄養学の視点から,4,0.13,44,48,30,2026-04-11
223,nd0128aa9b647,【DB】47都道府県 ミニチュアイラスト 四国編,4,0.13,144,148,30,2026-04-11
224,nd2b31a38e1d0,【AIアート/イラスト】アイキャッチフレームは再現できるのか。,4,0.13,329,333,30,2026-04-11
225,nd63df6192d8e,【感謝】正直、このハッシュタグで取れるとは思わんかったわ。,4,0.13,328,332,30,2026-04-11
226,nf672e28ce323,プロンプトは“センス”やない。「配合ゲー」として攻略せよ。（前編：捕獲→育成）,4,0.13,427,431,30,2026-04-11
227,n3bd86f52e364,まさか学習アプリにハマるとは！？Duolingoが仕掛けた、人を虜にする継続の秘密（課金沼からの告白）,4,0.13,205,209,30,2026-04-11
228,n36c149a7708a,AIの“わかったフリ”を止めるたった一言─リフレクション・プロンプティング,4,0.13,178,182,30,2026-04-11
229,nccb2555355ad,Noteのスキ率が上がった！？。自作の分析ダッシュボードが証明した「たった1つの行動」,4,0.13,187,191,30,2026-04-11
230,ncd243f6ab3c4,ベタベタ・黄ばみ・ヒビ割れ…スマホケースの寿命は“愛用年数”じゃなく科学で決まる！？,4,0.13,46,50,30,2026-04-11
231,n1cb6e6b2206e,noteの数字を“3つだけ”見て運営するために、全体ダッシュボードを作った話 第4弾,4,0.13,221,225,30,2026-04-11
232,n26322a0b20c1,太陽に焼かれて死ぬ！？あなたの知らないタイヤ寿命の秘密,4,0.13,31,35,30,2026-04-11
233,n7e35b947e3de,設計図（MAPS）×変換機（NotebookLM）×スコア（KPI）で回した2025年,4,0.13,253,257,30,2026-04-11
234,n7eaef3bc10e0,【AIアート/イラスト】Beyond（言葉の向こう）に置いてきた感情を、画像で。,4,0.13,339,343,30,2026-04-11
235,n96948074db57,【Nano Banana Pro ポートレート 有料版】ポートレートを量産するプロンプト設計ノート,4,0.13,263,267,30,2026-04-11
236,na5f2da44ab86,挫折ゼロ！？目標プロンプト10本活用図解,4,0.13,248,252,30,2026-04-11
237,n995baed7ded7,Gemini、お前Duolingoか！？ AI先生と“ステップ学習”が始まった日,4,0.13,210,214,30,2026-04-11
238,n8b80b1c37c22,株価の法則はグラフが知っていた！,4,0.13,45,49,30,2026-04-11
239,neb919b966dce,「Excelでええやん！」って思ってた私が、Python DataFrameに恋した話,4,0.13,231,235,30,2026-04-11
240,ne4b73186f941,【AIアート】その向こうに何があるか。,4,0.13,212,216,30,2026-04-11
241,ndf8fd15e2ca0,【AIアート/イラスト】ボツになった、もうひとつの世界,4,0.13,245,249,30,2026-04-11
242,n8324b0d3c243,日光浴の知識が、社内を“小麦色”にした件― 知識の副作用は、笑えるトラブルだった,4,0.13,31,35,30,2026-04-11
243,n68ae8f54f747,フォロワーの崖は「フォロー」で登れるか？回帰分析で判明した“行動が行動を呼ぶ”note の真理,4,0.13,142,146,30,2026-04-11
244,n556ea08a997c,【Nano Bananaライフ 無料版】“日常AIフォト”を量産するためのプロンプト設計ノート,4,0.13,152,156,30,2026-04-11
245,n420a947a887b,体内時計がズレてる人ほど“光ログ”がヤバい。Apple Watchで測ってわかった真実〜,4,0.13,89,93,30,2026-04-11
246,n658b8cc637f6,働きすぎて死んだ？洗濯機の寿命は“回数”と“熱”で決まる！,4,0.13,71,75,30,2026-04-11
247,ne0eebe79d622,伸びない記事を“もう一回出す”とどうなる？リライト再投稿をデータ検証,4,0.13,328,332,30,2026-04-11
248,n010c671b5d53,「Context Engineering 2.0」論文の独自解釈,4,0.13,136,140,30,2026-04-11
249,na7053d705ed5,光を避けたい時期だからこそ、光の重要性について書いてみる,4,0.13,45,49,30,2026-04-11
250,n94da7a52ea24,浴びている光はどこを通じて影響があるのか,4,0.13,51,55,30,2026-04-11
251,n0b825c8ca1cd,note運営をデータで読むための「仮説メモ」,3,0.1,118,121,30,2026-04-11
252,ne05d861f6c12,今年買ったもん、供養させて。コメントで「ええんやでー」って言うて,3,0.1,199,202,30,2026-04-11
253,neb9f4e6e71c0,「え、なんで動かんの？」から始まるPlotlyの旅 ― 可視化を“対話”に変えるまで,3,0.1,404,407,30,2026-04-11
254,n081a5b200523,え、選ばれてたん？ワイのGPTsが“先週のスキ最多”になってた件,3,0.1,238,241,30,2026-04-11
255,n0c9b355a99c9,"AIに心を支配されない方法：「道具」として使いこなすための""疑いながら使う""成熟の境界線",3,0.1,257,260,30,2026-04-11
256,n07416cbde595,プロンプト解説：Verbalized Samplingってなんやねん？！,3,0.1,163,166,30,2026-04-11
257,n66b83839450f,GPT-5.1 vs Gemini 3 vs Grok 4.1──三強時代の「課金の正解」はどれや？,3,0.1,346,349,30,2026-04-11
258,n69be1a1f90f4,【GPTs付き】何を聞けばいいかわからない」から抜け出す〜構造化プロンプト＋実装ガイド〜,3,0.1,208,211,30,2026-04-11
259,n60861d6ba204,【11/22検証】GPT-5.1 vs Gemini 3 Pro、結局どう使い分ける？ ガチ検証したら「4分12秒」で世界変わった話,3,0.1,260,263,30,2026-04-11
260,n806a5cdbee60,浴びた光を「見える化」する,3,0.1,52,55,30,2026-04-11
261,n7540136bf03c,srefってなんや！？魔法か？──構造じゃなく“演奏”でMidjourneyが描く世界,3,0.1,156,159,30,2026-04-11
262,nf26bbd40f67d,辞書奴隷からAI宇宙旅行へ──論文翻訳の進化史,3,0.1,38,41,30,2026-04-11
263,n6bb62fafa0bd,タイトルの「番号」はもう不要？note運営をゲーム化するダッシュボード刷新メモ,3,0.1,304,307,30,2026-04-11
264,n7cb62928dca3,在宅ワーカーこそ「光ゼロ日」がヤバかった。Apple WatchのTime in Daylightでガチ凍りした話,3,0.1,195,198,30,2026-04-11
265,n27810521a1ba,2025年自民党総裁選と日本株価 ― 生成AIでシナリオを比較してみた,3,0.1,92,95,30,2026-04-11
266,n198e113d8fa9,集中力・成績は「光」で決まる！体内時計と前頭前野を鍛える外遊びの真実 ―外遊びと学力の意外すぎる関係,3,0.1,484,487,30,2026-04-11
267,n26143a47c054,【AIアート/イラスト】Silent Data Diver,3,0.1,107,110,30,2026-04-11
268,nc8c2db0f0a20,【AIアート/イラスト】スパイダーマン、糸が切れる。バットマン、飲みに行く。,3,0.1,367,370,30,2026-04-11
269,nbccf3a81e45c,「買うべきか、売るべきか」VWAP割安率と分位点分析で客観的に判断する方法,3,0.1,45,48,30,2026-04-11
270,n5eb4318fe0fb,もうフリーテキストには戻れんかもしれん。「JSON構造プロンプト」の考え方入門,3,0.1,309,312,30,2026-04-11
271,n4f0ddd6961fa,【コピペでOK】「書く前」より「書いた後」が地獄じゃない？ 執筆の泥臭い作業を全自動化する「AI編集長」プロンプト配布,3,0.1,120,123,30,2026-04-11
272,n53d27dfb0411,"雑なプロンプトが「秒速」で""プロ""仕様に変わる魔法",3,0.1,73,76,30,2026-04-11
273,n8509829bfd99,回帰直線って、実は“カッコつけた一次直線”の話やで,3,0.1,184,187,30,2026-04-11
274,n905d9dd7b39e,【DB】47都道府県 ミニチュアイラスト 中部編,3,0.1,184,187,30,2026-04-11
275,ndafda6008b59,NotebookLM にワイの記事を放り込んだら、とんでもない可視化が起きた話,3,0.1,299,302,30,2026-04-11
276,n3fbdcd94294e,AIの回答を劇的改善！プロンプトの型と時短テクニック,3,0.1,58,61,30,2026-04-11
277,n3a0a768238a3,AIシェフと学ぶ！プログラミングは「料理のレシピ」と同じだった,3,0.1,64,67,30,2026-04-11
278,n3894835fb15f,フォロワー666いった。悪魔の数字？でもワイは「ログが増えた」って思ってる,3,0.1,254,257,30,2026-04-11
279,n3214d31743ff,【AIアート/イラスト】 メリークリスマス,2,0.07,232,234,30,2026-04-11
280,n23b9ce5c667c,【DB】47都道府県 ミニチュアイラスト 北海道・東北編,2,0.07,194,196,30,2026-04-11
281,ne5a42407885c,【マガジン案内】Nano Banana Pro レシピ3部作をひとまとめにしてみた,2,0.07,225,227,30,2026-04-11
282,n093920fe2ad0,【限定公開/GPTs付き】ChatGPTに“妥当性％付きで会議させる”_「Verbalized Sampling(VS)中級テンプレ」,2,0.07,122,124,30,2026-04-11
283,n142a69d545aa,部下のモヤっと相談を3分で解決！心理学の3択テクニック,2,0.07,124,126,30,2026-04-11
284,n08c433ea540a,データ分析の最初の敵！Pandasで汚いカラムをクリーンにする五大魔法,2,0.07,177,179,30,2026-04-11
285,ne853a5e34d26,【無料プロンプト付き】Self-Managed Assistant ─ AIが「文脈を守る」日。Reflective Counter Modeの進化形,2,0.07,186,188,30,2026-04-11
286,nbdce62ffcccf,【47×31=1457】勝負は“発想力”やなくて“運用”やった,2,0.07,146,148,30,2026-04-11
287,nb5da69fd69ff,日光は見えていたのに、見えていなかった,2,0.07,49,51,30,2026-04-11
288,n661120ea1cb3,【AIアート/イラスト】Are You Still There ─ 記憶が光になる瞬間 ＃106,2,0.07,163,165,30,2026-04-11
289,n5d8a0b388884,【AIアート/イラスト】儚いファンタジーになるはずやってんけどな…w,2,0.07,205,207,30,2026-04-11
290,n4d46f4c63f16,【AIイラスト/アート】ドラゴンシスターズ『赤』,2,0.07,191,193,30,2026-04-11
291,nf2b4ab8e3984,プロンプトは“センス”やない。「配合ゲー」として攻略せよ。（後編：配合→継承→デブ対策）,2,0.07,269,271,30,2026-04-11
292,n403f44ea9f9f,【DB】47都道府県 ミニチュアイラスト 近畿編,2,0.07,220,222,30,2026-04-11
293,n6103ab79ffb4,GPT-5.1を1週間ぶっ叩くように使った正直レビュー,2,0.07,296,298,30,2026-04-11
294,n69f2daa43697,【AIアート/イラスト】VOW SERIES — Dark Fantasy Art（プロンプト公開）,2,0.07,263,265,30,2026-04-11
295,n6be7c377ebf1,【DB】47都道府県 ミニチュアイラスト 中国編,2,0.07,167,169,30,2026-04-11
296,n7aab328f7e4e,【DB】47都道府県 ミニチュアイラスト 関東編,2,0.07,180,182,30,2026-04-11
297,nc5a428f6d0ae,続：世界線はテキスト、微調整はJSON。じゃあ“実戦テンプレ”を置いとく,2,0.07,203,205,30,2026-04-11
298,n9498deb77d3a,AIを検索ツールから「参謀」へ。新規事業アイデアを研ぎ澄ます「思考の型」の技術,2,0.07,147,149,30,2026-04-11
299,n8b612ec93167,Midjourneyに手を出してみたら、アメコミ以外ぜんぜん出てこない件。,2,0.07,192,194,30,2026-04-11
300,n96bfc421a26d,「これ、ちょっと聴いてみる？」─人を沼に落とす一言の破壊力,2,0.07,142,144,30,2026-04-11
301,n9a67fecb68b6,【AIアート/イラスト】「黒髪リリック（Black-Haired Lyrics）」─歌詞に宿る“感情の残像”を、黒髪の女性として描くアートシリーズ。,2,0.07,181,183,30,2026-04-11
302,n9b34d64821d9,激震！「決算書、読んだフリ」はもうムリ。NotebookLMに丸投げしたら企業分析が爆笑レベルで深まった件,2,0.07,151,153,30,2026-04-11
303,n3f384bcc700c,【衝撃】ワイが組んだAI「調査チーム」の役割分担、ガチでプロの「AI戦略」と完全一致してた件,2,0.07,136,138,30,2026-04-11
304,n280140423c90,🎃トリックオアトリート👻 -ハロウィンアートイラスト2025-,2,0.07,347,349,30,2026-04-11
305,n9d10ce9a86d3,ヒストグラムって、データたちの“性格診断”やった話,2,0.07,182,184,30,2026-04-11
306,n3a5e783a26d5,【Nano Bananaモック 有料版】“商品単体ショット”を量産するプロンプト設計ノート,2,0.07,129,131,30,2026-04-11
307,n40175cece20c,【無料テンプレ】トークンを犠牲にして人格を得る：ペルソナプロンプト設計術。ートークンの無駄遣いから始まる、AIとの共創,1,0.03,331,332,30,2026-04-11
308,n6f8b1868b452,形式は整ったのに…中身が地獄！？😱― “可視化の魔法”で暴くデータの裏側 ―,1,0.03,250,251,30,2026-04-11
309,nef0eee72e29d,生成AIで調査チーム作ったら、頼もしすぎる奴らが集まった話,1,0.03,249,250,30,2026-04-11
310,n002a6c2cd267,光を浴びるだけで整う？朝の自然光と“体内リズム”の科学【理論編】,1,0.03,180,181,30,2026-04-11
311,n00864a9be6ee,光はどこから入るの？「肌」と「目」の仁義なき戦い！〜「最強の光の浴び方」〜,1,0.03,172,173,30,2026-04-11
312,n5148d2263bc4,【告白】Python使いなのに「Jupyter Lab」から抜け出せない私。〜pyファイルに裏切られた日々〜,1,0.03,416,417,30,2026-04-11
313,n81d484e6e928,フォロワー202人達成！「KITAcore」のログプレイ、まだ途中です,1,0.03,301,302,30,2026-04-11
314,n3d2a1f8d6a8e,「おめでとうございます」ポップアップに、また固まってもうた話,1,0.03,125,126,30,2026-04-11
315,n8ff40bd1f6e2,AIの“ファッションごっこ”が予想外に深かった！？,1,0.03,429,430,30,2026-04-11
316,na33ab3948ef9,プロンプトの長さって、見栄っ張りなんかもしれん笑,1,0.03,147,148,30,2026-04-11
317,nb3b22defdb49,もうネタ探しで迷わない — 検索・SNS・記事トレンドを横断して「書くべき構成」を導くプロンプト,1,0.03,164,165,30,2026-04-11
318,nba6c8d042bab,AIと作る、“放置でうまい”塩麹チキン──プロンプト設計から完成レシピまで,1,0.03,165,166,30,2026-04-11
319,nc319e3383518,**AIっぽい**って言われたくないから、**あえて残す**。,1,0.03,154,155,30,2026-04-11
320,n1584fd23e2ce,【無料プロンプト付き】Reflective Counter Mode─AIが自分にツッコミを入れはじめた日。文脈ドリフトを笑いで制御する「自己観測AI」,1,0.03,152,153,30,2026-04-11
321,n2962eed0a9d4,プロンプトの読み方。長すぎるプロンプト、どう使えばええねん？,1,0.03,182,183,30,2026-04-11
322,n1f856521dcc6,AIを動かすレトリック術：中学生向けにわかりやすく、社長を説得せよ,1,0.03,300,301,30,2026-04-11
323,n163696d4f163,「人気の壁」を越える条件とは？──データ分析で見えた“自走するSNS”の法則,1,0.03,134,135,30,2026-04-11
324,nb947f78249ba,MidjourneyV7パラメータ更新と画風プロンプト増補版,1,0.03,112,113,30,2026-04-11
325,nbc8e22ad7cc7,AIが人の話を聞かない夜に──冷蔵庫GPTが教えてくれた“対話設計”の魔法,1,0.03,265,266,30,2026-04-11
326,ncfd0c44243f0,プロンプト設計にはAIDMAが含まれてた！？──100年前のマーケ理論が、AIの思考を支配してた話,1,0.03,131,132,30,2026-04-11
327,nd2722cb5a4da,AIの“第6の力”─5軸自己評価で「それっぽい文」を卒業する,1,0.03,94,95,30,2026-04-11
328,nd4d236c6cb27,「明日の朝な！」で動く！優柔不断な部下を強制的に自走させるマネジメント術,1,0.03,142,143,30,2026-04-11
