key,title,累計PV,累計スキ,前日比PV,前日比スキ,-7日PV,-6日PV,-5日PV,-4日PV,-3日PV,-2日PV,-1日PV,-7日スキ,-6日スキ,-5日スキ,-4日スキ,-3日スキ,-2日スキ,-1日スキ,7日合計PV,7日合計スキ,稼働数PV,稼働数スキ,トレンドスコア,状態,集計日
n07718b48b033,愛を数値化したら、ちょっと怖くてめちゃくちゃ面白かった｜note運用｜フォロワー｜つながり｜コラム｜,336,40,336,40,0,0,0,0,0,0,336,0,0,0,0,0,0,40,336,40,1,1,336,🔥 急上昇,2026-03-24
n8da8091b30f1,読まれ方でViewは変わるのか。314文字と383文字で実験してみた結果｜note運営｜記事｜,308,49,46,5,0,0,0,0,0,262,46,0,0,0,0,0,44,5,308,49,2,2,308,🔥 急上昇,2026-03-24
n33a65d1f4b95,「奇跡の1枚」はいらない。再現できる異常性がほしい｜AIアート｜生成AI｜プロンプト｜,358,26,21,0,0,0,0,256,70,11,21,0,0,0,21,4,1,0,358,26,4,3,358,🔥 急上昇,2026-03-24
n334ef1190d54,コラボ企画｜過去作を再利用してクリエイターを召喚する企画｜コラボ創作の新しい形｜画像生成AI｜創作｜実験｜note運用｜,446,64,19,3,0,0,0,0,309,118,19,0,0,0,0,41,20,3,446,64,3,3,446,🔥 急上昇,2026-03-24
n2f90b0f875ae,備忘録｜発行済み｜ 会員証｜ダルメイ｜,576,47,15,1,0,50,447,39,19,6,15,0,13,30,3,0,0,1,576,47,6,4,576,🔥 急上昇,2026-03-24
n7c0ac8c69fcb,会員証のついでに、FC動画まで作ってもうた話｜ファンクラブ｜ダルメイ｜AI動画｜,484,63,10,2,0,0,0,313,139,22,10,0,0,0,37,22,2,2,484,63,4,4,484,🔥 急上昇,2026-03-24
n8267f9389393,月曜に見かけるあの存在を、勝手に推すことにした｜非公認クラブ｜Monday｜ダルメイ｜,653,70,7,1,346,187,77,12,16,8,7,43,13,6,3,2,2,1,653,70,7,7,653,🔥 急上昇,2026-03-24
n165fc3619e8a,『宇宙珍獣ユル勇者あかね』祭りに乗ったら、創作が暴走した｜AIイラスト｜AIアート｜,578,87,6,0,103,23,11,17,37,27,6,20,6,3,1,5,2,0,224,37,7,6,-130,🟢 継続,2026-03-24
nd946a5f905a2,KITAcoreのAI×思考ログへようこそ — プロンプト設計、アート、そして人生のログプレイ,1163,438,5,1,1,4,7,10,7,15,5,3,3,2,1,2,8,1,49,20,7,7,-43,🟢 継続,2026-03-24
n7f472192316e,noteダッシュボードを“分析画面”から“ハブ”に作り直した話｜note運営｜ダッシュボード｜データ分析｜UXデザイン｜,407,58,4,0,0,0,287,82,26,8,4,0,0,43,8,7,0,0,407,58,5,3,407,🔥 急上昇,2026-03-24
n53ddb87df48b,コピペでイチコロ。「アップスケールなめててごめん」イラストを実写化するプロンプト全公開,665,17,4,0,3,3,6,2,8,13,4,0,0,0,0,0,0,0,39,0,7,0,-20,🟢 継続,2026-03-24
nae95b4013622,AIアート｜コラボ｜覗いたら終わる。マーコ展示録（火野枝馬子）,535,64,4,0,2,0,0,1,1,1,4,0,0,0,0,0,0,0,9,0,5,0,5,🔥 急上昇,2026-03-24
nb8e8de0aabb8,表紙の一枚から写真集をつくれるのか。｜AIアート｜画像生成｜クリエイティブ｜,529,92,3,1,0,370,116,21,16,3,3,0,66,13,7,3,2,1,529,92,6,6,529,🔥 急上昇,2026-03-24
ne2bb6d38c4e3,Noteの閲覧数・スキ数を自動で収集する方法｜GitHub｜クリエイター支援｜データ分析｜Note運営｜,491,29,2,0,2,3,1,4,4,3,2,0,0,0,0,0,0,0,19,0,7,0,-38,🟢 継続,2026-03-24
nb1ad629c3521,note記事のPVとスキをデータ分析して見えたこと|人・仕掛け・フォロワーが届き方を変える|分析|データ| note運用|AI活用|生成AI,525,96,2,0,2,0,1,1,3,2,2,0,0,0,0,1,1,0,11,2,6,2,-24,🟢 継続,2026-03-24
n9f271d5f24b1,Note運営｜ビュー数とスキで見る“成長の品質”｜毎日ログの4象限,527,89,2,0,0,2,1,1,1,0,2,0,0,0,0,0,0,0,7,0,5,0,2,🔥 急上昇,2026-03-24
nb22642a2ee59,【簡易版】Platformは、なぜ推しのアルゴリズムを公開したのか。,440,47,2,1,0,0,0,1,0,0,2,0,0,0,0,0,0,1,3,1,2,1,0,🟢 継続,2026-03-24
nf5a0605f6804,誰かの創作に火をつけられて、自分も動画を作っていた,504,60,2,0,0,0,0,1,0,0,2,0,0,0,0,0,0,0,3,0,2,0,-18,🟢 継続,2026-03-24
n857e1f752c2e,「肩見せて、誘惑しないと」と言われたので、ワイも本気を出してみた。,586,71,1,0,45,30,5,7,16,3,1,6,4,0,0,2,1,0,107,13,7,4,-372,🟢 継続,2026-03-24
n0f919ece03f2,【自己紹介】データ×生成AIで遊ぶログプレイヤー｜note運営｜プロンプト設計｜はじめてのnote｜自己紹介,553,89,1,0,0,3,3,10,1,15,1,0,0,0,0,0,0,0,33,0,6,0,24,🔥 急上昇,2026-03-24
n6293052c90d8,noteのViewが伸びる『仕組み』を33記事のログで検証｜フォロワー数は打ち上げ台｜飛距離は記事の設計次第｜,442,75,1,0,4,3,0,3,5,5,1,0,0,0,0,0,1,0,21,1,6,1,-400,🟢 継続,2026-03-24
n51c3a89314e6,プレゼン作成の「苦行」、終わらせよ。社内AI × VS Code × Marpで“爆速パワポ”を作る,402,29,1,0,3,3,6,2,1,3,1,0,0,0,0,0,0,0,19,0,7,0,7,🔥 急上昇,2026-03-24
n07d869d6422e,アレニウスモデルについてまとめてみる｜故障モードと活性化エネルギーの読み解き方,777,2,1,0,6,1,0,1,0,2,1,0,0,0,0,0,0,0,11,0,5,0,-3,🟢 継続,2026-03-24
n8e365e887d5f,【Gem公開】プロフィールと記事からAIは、ポートレートをつくれるのか。,497,50,1,0,0,4,3,1,0,0,1,0,0,1,0,0,0,0,9,1,4,1,8,🔥 急上昇,2026-03-24
n214601fceec8,自己紹介を1枚図解にする「YAMLプロンプト」入門｜Gemini×画像生成AIで5分完成,431,33,1,0,3,2,0,2,0,0,1,0,0,0,0,0,0,0,8,0,4,0,-4,🟢 継続,2026-03-24
n3ab972786aa0,Note非公式APIでできることを整理してみた,484,67,1,0,0,0,2,1,2,2,1,0,0,0,0,0,0,0,8,0,5,0,-4,🟢 継続,2026-03-24
nfe531191f233,「ハッシュタグ」はデータで選べ。フォロワー外に届けるための“新・タグ設計術”,535,82,1,0,2,0,2,1,2,0,1,1,0,1,0,0,0,0,8,2,5,2,-5,🟢 継続,2026-03-24
n1fa3983abb53,「もう勘に頼らない！」J-Quants APIで比較対象企業を一発抽出するPython自動ツール,226,5,1,0,1,0,2,1,1,1,1,0,0,0,0,0,0,0,7,0,6,0,-5,🟢 継続,2026-03-24
n3df2abbd3e90,ChatGPT、ついに“制限解除”──AIが笑って返す時代の幕開け！？,1384,16,1,0,1,0,0,1,1,2,1,0,0,0,0,0,0,0,6,0,5,0,3,🔥 急上昇,2026-03-24
n7c537e680f56,【383文字の実験】Noteのアルゴリズムをハックしたい。,599,77,1,0,1,0,0,1,1,2,1,0,0,0,0,0,0,0,6,0,5,0,-4,🟢 継続,2026-03-24
nc26003dfcebd,爆速投資ハック！Excel地獄から5分で脱出！― yfinance＋Google Colab＋Plotlyで「取る→見える」を一撃！ ―,1173,28,1,0,0,0,1,2,1,1,1,0,0,0,0,0,0,0,6,0,5,0,1,🔥 急上昇,2026-03-24
n1ab80047f8f8,デザインマネージャーの「資料生成術」をエンジニアがハックしたら、とてつもない資産に見えた話,870,79,1,0,1,0,1,0,2,0,1,0,0,0,0,1,0,0,5,1,4,1,-4,🟢 継続,2026-03-24
ndb86a66932ee,全記事PV/スキ/コメント＋投稿日を吸い上げてスプシに保存する方法（Colab運用ログ）,416,11,1,0,0,0,0,1,1,0,1,0,0,0,0,0,0,0,3,0,3,0,1,🔥 急上昇,2026-03-24
nb392a506a3e1,【コピペ可】ダブルエクスポージャーの作り方：混ぜない、重ねる,433,27,1,0,0,0,1,0,0,0,1,0,0,0,0,0,0,0,2,0,2,0,-1,🟢 継続,2026-03-24
n0c9b355a99c9,"AIに心を支配されない方法：「道具」として使いこなすための""疑いながら使う""成熟の境界線",258,26,1,0,0,0,0,0,0,0,1,0,0,0,0,0,0,0,1,0,1,0,1,🔥 急上昇,2026-03-24
n7aab328f7e4e,【DB】47都道府県 ミニチュアイラスト 関東編,181,4,1,0,0,0,0,0,0,0,1,0,0,0,0,0,0,0,1,0,1,0,1,🔥 急上昇,2026-03-24
nae521725949f,スタバが多い街は、本当に都会なのか？──“緑の女神”が暴く日本のリアル。,257,18,1,0,0,0,0,0,0,0,1,0,0,0,0,0,0,0,1,0,1,0,-3,🟢 継続,2026-03-24
necb9da5bb9af,【AIアート】都市×天気×ミニチュア。JSON構造プロンプトでどこまでジオラマ世界を組めるのか試してみた,302,20,1,0,0,0,0,0,0,0,1,0,0,0,0,0,0,0,1,0,1,0,-1,🟢 継続,2026-03-24
nefe9fa2bbf20,【保存版】V7パラメータ自分用メモ：呪文リストにStyle×Mood（語彙）棚を追加,230,19,1,0,0,0,0,0,0,0,1,0,0,0,0,0,0,0,1,0,1,0,1,🔥 急上昇,2026-03-24
n07197895a3e9,「群衆で構成された巨大な○○」をもっと自由に作る｜動物・神話生物・シンボル編｜Midjourney｜構造化｜プロンプト|,595,35,0,0,12,9,10,2,4,4,0,1,0,0,1,0,0,0,41,2,6,2,-513,⚠️ 減速,2026-03-24
nd7e8d8d1f696,コラボしても初日は普通やった。でも翌日が全然ちがう話｜note実験｜,447,60,0,0,7,8,4,1,4,4,0,2,0,0,0,1,1,0,28,4,6,3,-391,⚠️ 減速,2026-03-24
n5f594f849c4b,noteの「初速スキ」とバズはほんまに関係あるんか？|Note運営|データ分析|,384,24,0,0,3,3,11,2,3,1,0,0,0,1,0,0,0,0,23,1,6,1,-338,⚠️ 減速,2026-03-24
n6a60dcb7331c,【AIイラスト】記事サムネの振り返り｜2026年2月の制作ログ｜イラスト｜アート｜サムネ｜,382,54,0,0,2,1,6,4,9,0,0,0,0,0,0,0,0,0,22,0,5,0,-169,⚠️ 減速,2026-03-24
ne42952207820,note運営を“感覚”から“見える化”へ｜GitHub Pagesでダッシュボードを作る｜データ分析｜,566,62,0,0,7,4,0,3,6,2,0,0,1,0,0,0,0,0,22,1,5,1,-49,⚠️ 減速,2026-03-24
nc6a83f270ae6,【無料公開】Nano Banana Pro キャラクターシート生成プロンプト集,890,49,0,0,6,2,3,3,0,6,0,0,0,0,0,0,2,0,20,2,5,1,-1,⚠️ 減速,2026-03-24
nc050f21065a6,これは事故か、作品か。｜イラスト｜アート｜生成AI｜,504,77,0,0,8,3,2,3,3,0,0,2,0,0,0,0,0,0,19,2,5,1,-466,⚠️ 減速,2026-03-24
n0cd6640704fd,noteダッシュボードを“見る画面”から“眺めたくなる画面”にしてみた｜note運営｜データ分析｜,436,72,0,0,4,3,4,4,3,0,0,0,0,0,0,0,0,0,18,0,5,0,-12,⚠️ 減速,2026-03-24
n236b3352fde3,noteが“推したい記事”を公開情報から逆算してみた,516,94,0,0,3,3,1,1,5,2,0,0,0,0,1,0,0,0,15,1,6,1,3,⚠️ 減速,2026-03-24
n3f4909491005,【保存版】AIを最強の部下にする「5つの柵」。変態的プロンプト設計図（インフォグラフィック付）,351,47,0,0,3,0,2,2,6,1,0,0,1,0,0,0,0,0,14,1,5,1,7,⚠️ 減速,2026-03-24
nee2cf5453f61,初期の実写を掘り返したら、まだ普通に好きやった｜AIアート｜創作｜,431,46,0,0,3,1,2,2,2,4,0,0,1,0,0,0,1,0,14,2,6,2,-23,⚠️ 減速,2026-03-24
n431998ad8a2f,AIを「予約」する時代が来た！？GeminiのScheduled Actions攻略,500,72,0,0,3,3,1,3,1,2,0,0,0,0,0,0,0,0,13,0,6,0,-2,⚠️ 減速,2026-03-24
n702fe66aa98d,【AIアート/イラスト】AIで「ポストカード水彩」再現してみた,397,78,0,0,5,3,0,0,3,0,0,0,0,0,0,0,0,0,11,0,3,0,7,⚠️ 減速,2026-03-24
n8cf8cff84c68,Spotifyプレイリスト3ステップ一括取得ツール,126,7,0,0,1,0,0,8,0,2,0,0,0,0,1,0,1,0,11,2,3,2,5,⚠️ 減速,2026-03-24
ncc237b121648,プロンプトは「TEXT / YAML / JSON」どれがええねん。,439,55,0,0,2,4,2,0,1,2,0,1,1,0,0,0,0,0,11,2,5,2,3,⚠️ 減速,2026-03-24
nea4a6e7d7e7e,V8来るで。Midjourneyが「審美眼貸して」って言うてきた,400,32,0,0,0,4,3,2,2,0,0,0,0,0,0,0,0,0,11,0,4,0,6,⚠️ 減速,2026-03-24
nab59db8b2331,小人の世界が、やっとつながりはじめた｜AIアート｜AIイラスト｜生成AI｜,529,89,0,0,3,3,1,1,2,0,0,1,1,0,0,0,0,0,10,2,5,2,-509,⚠️ 減速,2026-03-24
n8a465fd66c5f,投資家って何者なん？を理解するとIRが、ちょっと面白くなる ｜株式投資｜IR｜,414,55,0,0,2,1,3,1,2,0,0,0,0,1,0,1,0,0,9,2,5,2,-45,⚠️ 減速,2026-03-24
n155066063025,ワイが裏で仕掛けてたnote実験、まとめて白状しとく。,475,82,0,0,2,0,0,3,2,1,0,0,0,0,0,0,0,0,8,0,4,0,-6,⚠️ 減速,2026-03-24
n8af759621330,【探すの面倒くさすぎ】Midjourney V7パラメータ、わかる分だけ全部ここに置いとく“自分用メモ”,475,59,0,0,3,2,3,0,0,0,0,0,0,0,0,0,0,0,8,0,3,0,-9,⚠️ 減速,2026-03-24
ncd12f1fca6d2,自己紹介 Ver.2 ─ 60日後に見えた、自分という構造,302,48,0,0,0,2,0,0,1,5,0,0,0,0,0,0,1,0,8,1,3,1,7,⚠️ 減速,2026-03-24
n066fb6464129,「手書き・Excel管理はもう不要！」Google Colabで実現する究極の配当金自動管理ダッシュボード【Python】,419,3,0,0,0,1,1,0,1,2,0,0,0,0,0,0,0,0,5,0,4,0,-6,⚠️ 減速,2026-03-24
n1130818619a2,関東の鉄道株9社をぜんぶ比較してみた｜優待×配当×増配でどれがお得？,174,2,0,0,0,0,0,2,1,2,0,0,0,0,0,0,0,0,5,0,3,0,-7,⚠️ 減速,2026-03-24
n825cd2765f6a,FUJI式YAMLに触発されて作った「インフォグラフィック設計プロンプト」,670,37,0,0,3,0,2,0,0,0,0,0,0,0,0,0,0,0,5,0,2,0,-2,⚠️ 減速,2026-03-24
n8894a18d51c1,保有株の損益、もう手計算しない｜Googleスプレッドシート＋Pythonで自動可視化する方法,122,3,0,0,1,2,1,0,1,0,0,0,0,0,0,0,0,0,5,0,4,0,-9,⚠️ 減速,2026-03-24
nb3c2d9953a8b,【AIアート】12干支ダークファンタジー,260,40,0,0,0,0,0,1,3,1,0,0,0,0,0,1,0,0,5,1,3,1,5,⚠️ 減速,2026-03-24
ncfabab6d1e2b,寝てもスッキリせん人へ：朝の光と朝食が効く理由,359,75,0,0,0,0,1,1,0,3,0,0,0,0,0,0,0,0,5,0,3,0,3,⚠️ 減速,2026-03-24
n109b8114e303,【AIアート/イラスト】ヘッダー落ちしたけど気に入ってる1枚　第四弾,394,66,0,0,0,2,0,0,2,0,0,0,0,0,0,0,0,0,4,0,2,0,2,⚠️ 減速,2026-03-24
n15d7b3497c9e,【保存版】勇気があれば誰でもできる、効果絶大な「ユーザーを繋げる秘訣」,296,27,0,0,1,0,0,3,0,0,0,0,0,0,1,0,0,0,4,1,2,1,4,⚠️ 減速,2026-03-24
n27e2942c02d7,自己紹介/はじめてのnote,185,57,0,0,3,0,0,0,0,1,0,0,0,0,0,0,1,0,4,1,2,1,4,⚠️ 減速,2026-03-24
n32534069903c,【AIアート/イラスト】ヘッダー落ちしたけど気に入ってる１枚　第一弾,251,31,0,0,0,0,1,2,1,0,0,0,0,0,0,0,0,0,4,0,3,0,3,⚠️ 減速,2026-03-24
n3df7eb2c83f6,【プロンプト付き】やりたい顔を“書けば作れる”ようになった。──まだ“シミ完全除去チャレンジ”は未達（笑）『顔ベース』専用プロンプト構造を公開！,362,30,0,0,0,0,0,1,0,3,0,0,0,0,0,0,0,0,4,0,2,0,-3,⚠️ 減速,2026-03-24
n879ba96f5373,【AIアート/イラスト】ヘッダー落ちしたけど気に入ってる1枚　第三弾,228,30,0,0,0,2,1,0,1,0,0,1,0,0,0,0,0,0,4,1,3,1,4,⚠️ 減速,2026-03-24
n9d3ab3287016,企業アカのnote、正直“教科書”になるんちゃうん？｜キリン公式の設計図を解剖してみた,482,58,0,0,1,0,1,1,0,1,0,0,0,0,0,0,0,0,4,0,4,0,1,⚠️ 減速,2026-03-24
na39630ab349d,srefという沼の入口──スタイルを混ぜたら世界が変化。,149,13,0,0,0,0,1,0,3,0,0,0,0,0,0,0,0,0,4,0,2,0,4,⚠️ 減速,2026-03-24
nbb8ac2f5091d,PythonでExcel集計を自動化する3手順,32,2,0,0,2,0,0,0,0,2,0,0,0,0,0,0,1,0,4,1,2,1,4,⚠️ 減速,2026-03-24
nbe6ef7fc6e07,OASOBI第7回・後日談｜同じワードで、世界線がいっぱい生えた件,408,57,0,0,2,0,1,1,0,0,0,0,0,0,0,0,0,0,4,0,3,0,-2,⚠️ 減速,2026-03-24
ndcf74df8e26d,【AIアート/イラスト】7th OASOBI企画 ＃266,604,71,0,0,1,1,0,1,0,1,0,0,0,0,0,0,0,0,4,0,4,0,-6,⚠️ 減速,2026-03-24
n12201dd9b5ff,【NanoBanana 構造化設計】画像生成を「運」から「論理」へ変える、メタプロンプト・エンジンの全貌,721,56,0,0,0,1,0,0,1,1,0,0,0,0,0,0,0,0,3,0,3,0,-3,⚠️ 減速,2026-03-24
n3a0830e2cc64,あの314文字の記事が、ちゃんと実験になった話,559,68,0,0,0,0,0,2,1,0,0,0,0,0,0,0,0,0,3,0,2,0,0,⚠️ 減速,2026-03-24
n3f2b80da27cf,【保存版】Midjourneyの崩れた文字をNanoBanana Proで修正するプロンプト公開,335,48,0,0,0,1,0,0,0,2,0,0,0,0,0,0,0,0,3,0,2,0,2,⚠️ 減速,2026-03-24
n47e9f83d5be4,【検証】ワイがAIをどう扱ってきたか、画像にしたら“人格”が割れた,517,50,0,0,3,0,0,0,0,0,0,0,0,0,0,0,0,0,3,0,1,0,1,⚠️ 減速,2026-03-24
n56cb68c44f3e,【Gemini×スプシ】「読めた」は大嘘？“読めてる風”事故を防ぐ『URL直貼り』の儀式,244,18,0,0,1,1,0,0,1,0,0,0,0,0,0,0,0,0,3,0,3,0,2,⚠️ 減速,2026-03-24
n71f8cf9a71aa,【AIアート/イラスト】ヘッダー落ちしたけど気に入ってる１枚　第二弾,275,21,0,0,2,1,0,0,0,0,0,1,0,0,0,0,0,0,3,1,2,1,2,⚠️ 減速,2026-03-24
n7df1c359e56e,データの特徴から“最適な変曲点手法カテゴリ”を自動処理,185,2,0,0,1,2,0,0,0,0,0,0,0,0,0,0,0,0,3,0,2,0,-3,⚠️ 減速,2026-03-24
na347d2af866a,【Nanobanana 解説】JSONプロンプトでポートレートをどこまで変えられるのか,305,32,0,0,1,1,0,0,1,0,0,0,0,0,0,0,0,0,3,0,3,0,-2,⚠️ 減速,2026-03-24
ncd8b72a7ae92,いきなり沼る前に：Nano Banana Proをラクにする“6つの軸”,267,22,0,0,0,0,1,0,2,0,0,0,0,0,0,0,0,0,3,0,2,0,-10,⚠️ 減速,2026-03-24
ndbabcde3c6c7,AIアート｜過去のサムネをリライト,603,63,0,0,1,0,1,1,0,0,0,1,0,0,0,0,0,0,3,1,3,1,-5,⚠️ 減速,2026-03-24
ne2173e797345,このAI、ワイのこと分かりすぎちゃう？問題をログで丸裸にしてみた,286,26,0,0,0,0,1,2,0,0,0,0,0,0,0,0,0,0,3,0,2,0,-6,⚠️ 減速,2026-03-24
ne8e48c3dabcb,【日光浴】Apple Watchで“光を可視化”してみた！,125,0,0,0,1,0,0,1,0,1,0,0,0,0,0,0,0,0,3,0,3,0,2,⚠️ 減速,2026-03-24
neb02f3c0d51c,【AIアート/イラスト】ガソリンスタンドからなにか生み出せるのか。,405,58,0,0,0,1,0,1,1,0,0,0,1,0,0,0,0,0,3,1,3,1,2,⚠️ 減速,2026-03-24
nee997e61457a,【314文字の実験】Noteのアルゴリズムをハックしたい。,422,61,0,0,0,1,0,1,0,1,0,0,0,0,0,1,0,0,3,1,3,1,-1,⚠️ 減速,2026-03-24
n000adbea1df9,【検証】noteのView数が伸びる仕組みを、数式なしで整理してみた：Re,502,73,0,0,0,0,2,0,0,0,0,0,0,0,0,0,0,0,2,0,1,0,1,⚠️ 減速,2026-03-24
n081a5b200523,え、選ばれてたん？ワイのGPTsが“先週のスキ最多”になってた件,240,30,0,0,0,0,0,0,2,0,0,0,0,0,0,0,0,0,2,0,1,0,2,⚠️ 減速,2026-03-24
n1a488193c9f5,ソーメン専門店で理解する、やさしいIRの入口,449,62,0,0,0,0,0,1,1,0,0,0,0,0,0,0,0,0,2,0,2,0,0,⚠️ 減速,2026-03-24
n1cb447965e43,【プロンプトエンジニアリング】プロンプト順序が生成結果に与える影響｜観測ログと構造化テンプレ,407,27,0,0,0,2,0,0,0,0,0,0,0,0,0,0,0,0,2,0,1,0,-5,⚠️ 減速,2026-03-24
n1d32162cd219,【ロジック解説】データ構造から逆算したnoteタグ戦略の深淵,311,20,0,0,0,0,0,1,1,0,0,0,0,0,0,0,0,0,2,0,2,0,0,⚠️ 減速,2026-03-24
n205d389bba48,たった30分の差が、ストレスを22％減らす ― Apple Watchが示した最新研究,274,100,0,0,1,0,0,1,0,0,0,0,0,0,0,0,0,0,2,0,2,0,-1,⚠️ 減速,2026-03-24
n49027cde285d,AIに絵を描かせる方法は、プロンプトじゃなく“対話”でやる。,426,72,0,0,1,0,1,0,0,0,0,1,0,0,0,0,0,0,2,1,2,1,1,⚠️ 減速,2026-03-24
n5c5913089d08,【プロンプト付き】文字にキャラを埋め込む,501,29,0,0,0,0,1,0,1,0,0,0,0,0,0,0,0,0,2,0,2,0,0,⚠️ 減速,2026-03-24
n86e1c6ff59e1,【プロンプト公開版】切り抜き×逆光×投影の再現,238,15,0,0,1,0,0,0,0,1,0,0,0,0,0,0,0,0,2,0,2,0,0,⚠️ 減速,2026-03-24
n8859539783be,北向きの給湯器は“日陰者”のヒーローだった！？～故障の原因は、まさかの「愛」の欠如？～,46,2,0,0,0,0,1,1,0,0,0,0,0,0,0,0,0,0,2,0,2,0,2,⚠️ 減速,2026-03-24
naa550d1a45bf,noteのタグを1万件ほど、数理モデルでコネコネしてみた話ｗ,405,82,0,0,0,1,0,0,0,1,0,0,1,0,0,0,1,0,2,2,2,2,0,⚠️ 減速,2026-03-24
ndd8de2be7b75,Python独学を失敗しない7つのコツ,75,7,0,0,0,0,0,1,0,1,0,0,0,0,1,0,1,0,2,2,2,2,1,⚠️ 減速,2026-03-24
n05348e338123,OASOBI第7回|参加表明|文字の中にみんなを住まわせた|OとIは敵｜2/20公開,453,60,0,0,0,0,0,1,0,0,0,0,0,0,0,0,0,0,1,0,1,0,-3,⚠️ 減速,2026-03-24
n074930ee4989,クリック3回でグラフ爆誕！CSV/Excelを即座に可視化するPython GUIスクリプト,105,0,0,0,0,0,1,0,0,0,0,0,0,0,0,0,0,0,1,0,1,0,0,⚠️ 減速,2026-03-24
n093920fe2ad0,【限定公開/GPTs付き】ChatGPTに“妥当性％付きで会議させる”_「Verbalized Sampling(VS)中級テンプレ」,123,10,0,0,0,0,0,0,1,0,0,0,0,0,0,0,0,0,1,0,1,0,1,⚠️ 減速,2026-03-24
n116978369dbd,ヘッドホンのイヤーパッドがベタベタ/ボロボロになる理由〜愛されすぎた証拠！？ベタベタ星人の科学〜,73,0,0,0,0,0,0,0,1,0,0,0,0,0,0,0,0,0,1,0,1,0,1,⚠️ 減速,2026-03-24
n13a11e3755f6,【入門】yfinance＋Google Colabで株価取得を5分で！インストール不要の投資ハック,184,9,0,0,0,0,0,0,1,0,0,0,0,0,0,0,0,0,1,0,1,0,-3,⚠️ 減速,2026-03-24
n1d8c09ab19fe,【AIアート/イラスト】二重露光って、ズルい,479,59,0,0,0,0,1,0,0,0,0,0,0,0,0,0,0,0,1,0,1,0,1,⚠️ 減速,2026-03-24
n26143a47c054,【AIアート/イラスト】Silent Data Diver,108,18,0,0,0,0,0,0,1,0,0,0,0,0,0,0,0,0,1,0,1,0,1,⚠️ 減速,2026-03-24
n264cd9e99021,"定着のカギは「タイミング」！ Duolingoを最強にする""朝夜2回""の科学",258,5,0,0,1,0,0,0,0,0,0,0,0,0,0,0,0,0,1,0,1,0,1,⚠️ 減速,2026-03-24
n303c3d8818f9,【AIアート/イラスト】水彩迷子は、妖怪に救われた,334,49,0,0,0,0,0,1,0,0,0,0,0,0,0,0,0,0,1,0,1,0,-2,⚠️ 減速,2026-03-24
n30ce9211450c,生成AI歌詞翻訳プロンプト,84,4,0,0,0,0,0,0,0,1,0,0,0,0,0,0,1,0,1,1,1,1,1,⚠️ 減速,2026-03-24
n348ed9904976,名刺の「箱」で展示会に挑んだ後輩：令和の新人、謎の節約術,43,10,0,0,1,0,0,0,0,0,0,0,0,0,0,0,0,0,1,0,1,0,1,⚠️ 減速,2026-03-24
n34abd580cd60,Python環境構築を最短3ステップで完了,67,1,0,0,0,0,0,0,0,1,0,0,0,0,0,0,1,0,1,1,1,1,0,⚠️ 減速,2026-03-24
n359e812b0ab5,バイオリンプロットって、データ界の“楽団リーダー”やった話,187,15,0,0,0,0,1,0,0,0,0,0,0,0,0,0,0,0,1,0,1,0,0,⚠️ 減速,2026-03-24
n36c149a7708a,AIの“わかったフリ”を止めるたった一言─リフレクション・プロンプティング,179,10,0,0,0,0,0,0,1,0,0,0,0,0,0,0,0,0,1,0,1,0,1,⚠️ 減速,2026-03-24
n37fcc28a1103,【保存版】「難しすぎて分からん」って言われたから、理論を捨てて“カンペ”だけ作った,326,48,0,0,0,0,1,0,0,0,0,0,0,0,0,0,0,0,1,0,1,0,0,⚠️ 減速,2026-03-24
n3bd86f52e364,まさか学習アプリにハマるとは！？Duolingoが仕掛けた、人を虜にする継続の秘密（課金沼からの告白）,206,11,0,0,0,0,0,1,0,0,0,0,0,0,0,0,0,0,1,0,1,0,1,⚠️ 減速,2026-03-24
n3f384bcc700c,【衝撃】ワイが組んだAI「調査チーム」の役割分担、ガチでプロの「AI戦略」と完全一致してた件,137,17,0,0,0,0,0,0,1,0,0,0,0,0,0,0,0,0,1,0,1,0,1,⚠️ 減速,2026-03-24
n3fd9abe36547,【緊急報告】Geminiに課金して数日…関西弁の「魔性の女」に沼らされた件。〜GPTとのキャラ比較〜,226,24,0,0,0,0,0,0,1,0,0,0,0,0,0,0,0,0,1,0,1,0,-2,⚠️ 減速,2026-03-24
n41587aa59f87,AIとの対話を「設計」に変える地図。《MAPSモデル》で、もう生成AIに「ズレた答え」を出させへん！,179,6,0,0,0,0,1,0,0,0,0,0,0,0,0,0,0,0,1,0,1,0,0,⚠️ 減速,2026-03-24
n481763dc5907,AIに『あべこべやな』と笑われた、理屈と感情のデバッグマニュアル,328,59,0,0,0,0,0,0,1,0,0,0,0,0,0,0,0,0,1,0,1,0,1,⚠️ 減速,2026-03-24
n4a8030d105a4,関数電卓から生成AIへ──研究者が体感した“誰でもできる”データ分析時代,109,12,0,0,0,0,0,1,0,0,0,0,0,0,0,0,0,0,1,0,1,0,1,⚠️ 減速,2026-03-24
n590ba35c7a41,なぜ部下はあの人の言葉で動くのか？ ― マネジメントと生成AIに効く『動かす心理学』,85,16,0,0,1,0,0,0,0,0,0,0,0,0,0,0,0,0,1,0,1,0,-1,⚠️ 減速,2026-03-24
n5d6f1b58cb06,Apple Watchで「日光」を見える化してみたら〜Time in Daylightの体験とユーザーの声〜,58,3,0,0,1,0,0,0,0,0,0,0,0,0,0,0,0,0,1,0,1,0,-1,⚠️ 減速,2026-03-24
n5e5b2be5a43d,AIに「ベタやな」と一蹴された、ワイの脳内OS再起動マニュアル 6冊,363,41,0,0,1,0,0,0,0,0,0,0,0,0,0,0,0,0,1,0,1,0,1,⚠️ 減速,2026-03-24
n5f991f7606e9,【詳細版】Platformは、なぜ推しのアルゴリズムを公開したのか。,420,17,0,0,0,0,0,1,0,0,0,0,0,0,0,0,0,0,1,0,1,0,-3,⚠️ 減速,2026-03-24
n60a95ed89a82,【AIアート/イラスト】切り抜き×逆光×投影の再現,340,52,0,0,1,0,0,0,0,0,0,0,0,0,0,0,0,0,1,0,1,0,-1,⚠️ 減速,2026-03-24
n6103ab79ffb4,GPT-5.1を1週間ぶっ叩くように使った正直レビュー,297,34,0,0,1,0,0,0,0,0,0,0,0,0,0,0,0,0,1,0,1,0,1,⚠️ 減速,2026-03-24
n661120ea1cb3,【AIアート/イラスト】Are You Still There ─ 記憶が光になる瞬間 ＃106,164,23,0,0,0,0,1,0,0,0,0,0,0,0,0,0,0,0,1,0,1,0,1,⚠️ 減速,2026-03-24
n673fc6dfa3bc,【Nano Bananaモック 無料版】“商品単体ショット”を量産するプロンプト設計ノート,244,23,0,0,0,0,0,0,0,1,0,0,0,0,0,0,0,0,1,0,1,0,0,⚠️ 減速,2026-03-24
n683b6ce7ee4a,Python外れ値検出を5手法で可視化,54,1,0,0,0,0,0,0,0,1,0,0,0,0,0,0,1,0,1,1,1,1,0,⚠️ 減速,2026-03-24
n69be1a1f90f4,【GPTs付き】何を聞けばいいかわからない」から抜け出す〜構造化プロンプト＋実装ガイド〜,209,10,0,0,0,0,0,0,1,0,0,0,0,0,0,0,0,0,1,0,1,0,1,⚠️ 減速,2026-03-24
n6f95c764bc62,「量産って……値下げ交渉じゃないのかよッ！？」,29,2,0,0,0,0,0,0,1,0,0,0,0,0,0,0,0,0,1,0,1,0,1,⚠️ 減速,2026-03-24
n7135be30f7e6,アイリングモデルでMTTFを読む3ポイント〜製品寿命予測〜,151,1,0,0,0,0,0,0,0,1,0,0,0,0,0,0,1,0,1,1,1,1,1,⚠️ 減速,2026-03-24
n72bd2476f5d0,【AIアート/イラスト】動物AIアートがむずいので、生物を「護符」にして突破した。,427,88,0,0,0,1,0,0,0,0,0,0,0,0,0,0,0,0,1,0,1,0,-1,⚠️ 減速,2026-03-24
n75c22ba2457f,日光と食事と睡眠の関係について,44,8,0,0,1,0,0,0,0,0,0,0,0,0,0,0,0,0,1,0,1,0,0,⚠️ 減速,2026-03-24
n7bd39322fb23,PythonでCSV→Excel変換3ステップ,82,4,0,0,0,0,0,0,0,1,0,0,0,0,0,0,1,0,1,1,1,1,1,⚠️ 減速,2026-03-24
n876dd0c9e114,生成AIを「考える相棒」にする──対話型で思考を深める使い方,83,7,0,0,0,0,0,0,0,1,0,0,0,0,0,0,1,0,1,1,1,1,1,⚠️ 減速,2026-03-24
n8e9be5f0beb2,バスモデルって記事にも使えるん？──ログから気づいた「note普及モデル」,258,38,0,0,0,0,0,0,1,0,0,0,0,0,0,0,0,0,1,0,1,0,1,⚠️ 減速,2026-03-24
n911d43f9e3fa,制作物　仮想通貨の価格取得,42,2,0,0,0,0,0,0,0,1,0,0,0,0,0,0,1,0,1,1,1,1,1,⚠️ 減速,2026-03-24
n96bfc421a26d,「これ、ちょっと聴いてみる？」─人を沼に落とす一言の破壊力,143,11,0,0,0,0,0,0,0,1,0,0,0,0,0,0,0,0,1,0,1,0,1,⚠️ 減速,2026-03-24
n9d10ce9a86d3,ヒストグラムって、データたちの“性格診断”やった話,183,8,0,0,0,0,0,0,1,0,0,0,0,0,0,0,0,0,1,0,1,0,1,⚠️ 減速,2026-03-24
na3b1cce5678c,「Excel卒業！Pythonでデータ分析の冒険を始めよう」〜初心者向けマガジン紹介,430,65,0,0,0,0,0,1,0,0,0,0,0,0,1,0,0,0,1,1,1,1,1,⚠️ 減速,2026-03-24
na5f2da44ab86,挫折ゼロ！？目標プロンプト10本活用図解,250,29,0,0,0,0,0,0,1,0,0,0,0,0,0,0,0,0,1,0,1,0,0,⚠️ 減速,2026-03-24
na7bea569cf06,【2025総決算】数字は嘘つかへん。ダッシュボードをAIと「検死」して分かった、生存戦略の正体,226,32,0,0,0,0,0,0,1,0,0,0,0,0,0,0,0,0,1,0,1,0,1,⚠️ 減速,2026-03-24
naece6ec6f759,自己紹介シートを作ろうぜ（インフォグラフィック一生成テンプレ）,404,22,0,0,1,0,0,0,0,0,0,0,0,0,0,0,0,0,1,0,1,0,-5,⚠️ 減速,2026-03-24
nb53ceb8d62c9,【Nano Banana Pro ポートレート 無料版】ポートレートを量産するプロンプト設計ノート,386,35,0,0,0,0,0,0,1,0,0,0,0,0,0,0,0,0,1,0,1,0,1,⚠️ 減速,2026-03-24
nbf5b6023ea85,こんなユーザーには気をつけろ！？Noteの闇、覗いちゃいました,350,51,0,0,0,0,0,0,1,0,0,0,0,0,0,1,0,0,1,1,1,1,-2,⚠️ 減速,2026-03-24
nc29de171f59d,朝ごはんと日光浴のゴールデンコンビ──時間栄養学の視点から,45,4,0,0,0,0,0,0,0,1,0,0,0,0,0,0,0,0,1,0,1,0,1,⚠️ 減速,2026-03-24
nc3d84cc61e71,【DB】47都道府県 ミニチュアイラスト 九州＋沖縄編,193,8,0,0,0,0,0,0,1,0,0,0,0,0,0,0,0,0,1,0,1,0,1,⚠️ 減速,2026-03-24
nc7eeae4fd62a,【AIアート/イラスト】アメコミホラーアート,376,55,0,0,1,0,0,0,0,0,0,1,0,0,0,0,1,0,1,2,1,2,0,⚠️ 減速,2026-03-24
nc8c2db0f0a20,【AIアート/イラスト】スパイダーマン、糸が切れる。バットマン、飲みに行く。,368,14,0,0,0,0,0,0,1,0,0,0,0,0,0,0,0,0,1,0,1,0,1,⚠️ 減速,2026-03-24
ncd243f6ab3c4,ベタベタ・黄ばみ・ヒビ割れ…スマホケースの寿命は“愛用年数”じゃなく科学で決まる！？,47,4,0,0,0,0,0,1,0,0,0,0,0,0,0,0,0,0,1,0,1,0,1,⚠️ 減速,2026-03-24
nce91fe6494a6,プログラミング工程を料理で学ぶ7ステップ,60,3,0,0,0,0,0,0,0,1,0,0,0,0,0,0,1,0,1,1,1,1,1,⚠️ 減速,2026-03-24
nd3bf83ee8270,光を浴びるだけで整う〜朝の自然光と“体内リズム”の科学〜,34,2,0,0,0,0,0,0,0,1,0,0,0,0,0,0,0,0,1,0,1,0,1,⚠️ 減速,2026-03-24
nd6ba237c0eb7,アレニウスに用いるMTTFの概念：信頼性試験におけるMTTFの役割,155,0,0,0,0,1,0,0,0,0,0,0,0,0,0,0,0,0,1,0,1,0,-3,⚠️ 減速,2026-03-24
ndda6aa6d3fb1,IRを読むと、裏側の配管が見える！？（noteで遊ぶコスト構造）,371,47,0,0,0,0,0,1,0,0,0,0,0,0,0,0,0,0,1,0,1,0,0,⚠️ 減速,2026-03-24
ndf8fd15e2ca0,【AIアート/イラスト】ボツになった、もうひとつの世界,246,20,0,0,1,0,0,0,0,0,0,0,0,0,0,0,0,0,1,0,1,0,1,⚠️ 減速,2026-03-24
ne05471c0675e,GPT-5.1、正直どう変わった？まとめてみた話,528,25,0,0,0,0,0,0,1,0,0,0,0,0,0,0,0,0,1,0,1,0,0,⚠️ 減速,2026-03-24
ne852d46a8e7d,note分析ダッシュボード、ついに“動いた”ので共有方針まとめる,196,26,0,0,1,0,0,0,0,0,0,0,0,0,0,0,0,0,1,0,1,0,1,⚠️ 減速,2026-03-24
nf9f691a489c6,【AIアート/イラスト】異業種ラスボス図鑑現代社会を支配する“見えない魔王”,375,21,0,0,1,0,0,0,0,0,0,0,0,0,0,0,0,0,1,0,1,0,1,⚠️ 減速,2026-03-24
nfa2d9f69716e,【検証】noteのView数が伸びる仕組みを、数式で「構造化」してみた結果,500,54,0,0,0,1,0,0,0,0,0,0,0,0,0,0,0,0,1,0,1,0,-2,⚠️ 減速,2026-03-24
nfab047768b25,続・note記事には「消費期限」がある（気がする）。経過日数ごとの“日次ビュー減衰”を箱ひげ図で可視化する手法,452,87,0,0,1,0,0,0,0,0,0,1,0,0,0,0,0,0,1,1,1,1,0,⚠️ 減速,2026-03-24
n002a6c2cd267,光を浴びるだけで整う？朝の自然光と“体内リズム”の科学【理論編】,180,20,0,0,0,0,0,0,0,0,0,0,0,0,0,0,0,0,0,0,0,0,0,💤 停止,2026-03-24
n00864a9be6ee,光はどこから入るの？「肌」と「目」の仁義なき戦い！〜「最強の光の浴び方」〜,172,7,0,0,0,0,0,0,0,0,0,0,0,0,0,0,0,0,0,0,0,0,0,💤 停止,2026-03-24
n010c671b5d53,「Context Engineering 2.0」論文の独自解釈,137,12,0,0,0,0,0,0,0,0,0,0,0,0,0,0,0,0,0,0,0,0,-1,💤 停止,2026-03-24
n023ff6bdcf19,JSON構造プロンプトを“写真以外”に拡張する：電車／プロダクト／人物／風景／イラストまで横展開できる「共通フレーム」入門,257,8,0,0,0,0,0,0,0,0,0,0,0,0,0,0,0,0,0,0,0,0,-1,💤 停止,2026-03-24
n0323b9955abb,「プロンプト解説」“水彩迷子”を救ったのは「妖怪」と「4つの縛り」だった。,293,19,0,0,0,0,0,0,0,0,0,0,0,0,0,0,0,0,0,0,0,0,-3,💤 停止,2026-03-24
n046368935947,【重要】「どうせ陳腐化する」と言った。あれは嘘だ。,288,24,0,0,0,0,0,0,0,0,0,0,0,0,0,0,0,0,0,0,0,0,0,💤 停止,2026-03-24
n07416cbde595,プロンプト解説：Verbalized Samplingってなんやねん？！,164,17,0,0,0,0,0,0,0,0,0,0,0,0,0,0,0,0,0,0,0,0,-2,💤 停止,2026-03-24
n08c433ea540a,データ分析の最初の敵！Pandasで汚いカラムをクリーンにする五大魔法,177,15,0,0,0,0,0,0,0,0,0,0,0,0,0,0,0,0,0,0,0,0,0,💤 停止,2026-03-24
n09247ed4fa70,AIって結局なにができるん？──「5つの力」で説明してみた話,232,25,0,0,0,0,0,0,0,0,0,0,0,0,0,0,0,0,0,0,0,0,-4,💤 停止,2026-03-24
n0b51748722e2,告知というより反省。文字だけゴリ押し記事、マニュアル作りました,338,35,0,0,0,0,0,0,0,0,0,0,0,0,0,0,0,0,0,0,0,0,0,💤 停止,2026-03-24
n0b825c8ca1cd,note運営をデータで読むための「仮説メモ」,118,11,0,0,0,0,0,0,0,0,0,0,0,0,0,0,0,0,0,0,0,0,0,💤 停止,2026-03-24
n0fb91ccbdb4e,【AIアート】捨てるのは紙か、未来か。,293,44,0,0,0,0,0,0,0,0,0,0,0,0,0,0,0,0,0,0,0,0,0,💤 停止,2026-03-24
n0fdfc6b51e39,AIエージェントによる「脳内同期型」ストレージ整理術,289,36,0,0,0,0,0,0,0,0,0,0,0,0,0,0,0,0,0,0,0,0,0,💤 停止,2026-03-24
n142a69d545aa,部下のモヤっと相談を3分で解決！心理学の3択テクニック,124,8,0,0,0,0,0,0,0,0,0,0,0,0,0,0,0,0,0,0,0,0,0,💤 停止,2026-03-24
n1584fd23e2ce,【無料プロンプト付き】Reflective Counter Mode─AIが自分にツッコミを入れはじめた日。文脈ドリフトを笑いで制御する「自己観測AI」,152,15,0,0,0,0,0,0,0,0,0,0,0,0,0,0,0,0,0,0,0,0,0,💤 停止,2026-03-24
n163696d4f163,「人気の壁」を越える条件とは？──データ分析で見えた“自走するSNS”の法則,134,10,0,0,0,0,0,0,0,0,0,0,0,0,0,0,0,0,0,0,0,0,0,💤 停止,2026-03-24
n198e113d8fa9,集中力・成績は「光」で決まる！体内時計と前頭前野を鍛える外遊びの真実 ―外遊びと学力の意外すぎる関係,485,10,0,0,0,0,0,0,0,0,0,0,0,0,0,0,0,0,0,0,0,0,-1,💤 停止,2026-03-24
n1cb6e6b2206e,noteの数字を“3つだけ”見て運営するために、全体ダッシュボードを作った話 第4弾,221,20,0,0,0,0,0,0,0,0,0,0,0,0,0,0,0,0,0,0,0,0,0,💤 停止,2026-03-24
n1f856521dcc6,AIを動かすレトリック術：中学生向けにわかりやすく、社長を説得せよ,300,8,0,0,0,0,0,0,0,0,0,0,0,0,0,0,0,0,0,0,0,0,0,💤 停止,2026-03-24
n22a0a83f48b5,スターバックス記事,13,0,0,0,0,0,0,0,0,0,0,0,0,0,0,0,0,0,0,0,0,0,0,💤 停止,2026-03-24
n2353e402ffd8,みんなが貪欲になっているときこそ恐怖心を抱き、みんなが恐怖心を抱いているとき…,12,0,0,0,0,0,0,0,0,0,0,0,0,0,0,0,0,0,0,0,0,0,0,💤 停止,2026-03-24
n23b9ce5c667c,【DB】47都道府県 ミニチュアイラスト 北海道・東北編,194,7,0,0,0,0,0,0,0,0,0,0,0,0,0,0,0,0,0,0,0,0,0,💤 停止,2026-03-24
n26322a0b20c1,太陽に焼かれて死ぬ！？あなたの知らないタイヤ寿命の秘密,31,2,0,0,0,0,0,0,0,0,0,0,0,0,0,0,0,0,0,0,0,0,0,💤 停止,2026-03-24
n26a2d7839528,Python環境構築は恋愛だった！？〜初学者エンジニアが辿り着いた、ゆるふわPythonライフ〜,103,12,0,0,0,0,0,0,0,0,0,0,0,0,0,0,0,0,0,0,0,0,0,💤 停止,2026-03-24
n27810521a1ba,2025年自民党総裁選と日本株価 ― 生成AIでシナリオを比較してみた,92,4,0,0,0,0,0,0,0,0,0,0,0,0,0,0,0,0,0,0,0,0,0,💤 停止,2026-03-24
n280140423c90,🎃トリックオアトリート👻 -ハロウィンアートイラスト2025-,347,22,0,0,0,0,0,0,0,0,0,0,0,0,0,0,0,0,0,0,0,0,0,💤 停止,2026-03-24
n2962eed0a9d4,プロンプトの読み方。長すぎるプロンプト、どう使えばええねん？,182,17,0,0,0,0,0,0,0,0,0,0,0,0,0,0,0,0,0,0,0,0,0,💤 停止,2026-03-24
n2cb6de9b82ac,【予告｜2/1始動】呪文（プロンプト）の置き場を開墾します。,357,32,0,0,0,0,0,0,0,0,0,0,0,0,0,0,0,0,0,0,0,0,-2,💤 停止,2026-03-24
n3214d31743ff,【AIアート/イラスト】 メリークリスマス,232,27,0,0,0,0,0,0,0,0,0,0,0,0,0,0,0,0,0,0,0,0,0,💤 停止,2026-03-24
n36f50a94ca4a,【AIアート】青に対する想い？ワイはどす黒くなった・・。,439,53,0,0,0,0,0,0,0,0,0,0,0,0,0,0,0,0,0,0,0,0,-1,💤 停止,2026-03-24
n38437d0f3242,調査を「楽」にするために、AIに「プロの調査ルール」を移植してみた｜アナリスト・プロンプト,292,18,0,0,0,0,0,0,0,0,0,0,0,0,0,0,0,0,0,0,0,0,-1,💤 停止,2026-03-24
n3894835fb15f,フォロワー666いった。悪魔の数字？でもワイは「ログが増えた」って思ってる,254,30,0,0,0,0,0,0,0,0,0,0,0,0,0,0,0,0,0,0,0,0,0,💤 停止,2026-03-24
n3a0a768238a3,AIシェフと学ぶ！プログラミングは「料理のレシピ」と同じだった,64,10,0,0,0,0,0,0,0,0,0,0,0,0,0,0,0,0,0,0,0,0,0,💤 停止,2026-03-24
n3a5e783a26d5,【Nano Bananaモック 有料版】“商品単体ショット”を量産するプロンプト設計ノート,129,9,0,0,0,0,0,0,0,0,0,0,0,0,0,0,0,0,0,0,0,0,0,💤 停止,2026-03-24
n3a93bf679b2c,光で割れた？じゃあSPring-8で殴ってええですか。,56,2,0,0,0,0,0,0,0,0,0,0,0,0,0,0,0,0,0,0,0,0,0,💤 停止,2026-03-24
n3bc5560c332b,人間に優しいYAML、機械に強いJSON：プロンプト運用の落とし所,337,48,0,0,0,0,0,0,0,0,0,0,0,0,0,0,0,0,0,0,0,0,-5,💤 停止,2026-03-24
n3d2a1f8d6a8e,「おめでとうございます」ポップアップに、また固まってもうた話,125,15,0,0,0,0,0,0,0,0,0,0,0,0,0,0,0,0,0,0,0,0,0,💤 停止,2026-03-24
n3f23f1083102,Still Not Sure —— あの時の「不確かさ」を残しておく。,261,17,0,0,0,0,0,0,0,0,0,0,0,0,0,0,0,0,0,0,0,0,0,💤 停止,2026-03-24
n3fbdcd94294e,AIの回答を劇的改善！プロンプトの型と時短テクニック,58,4,0,0,0,0,0,0,0,0,0,0,0,0,0,0,0,0,0,0,0,0,0,💤 停止,2026-03-24
n3fda9e343c90,デザインのセンスを「外付け」せよ。メタプロンプトv3（Design Unit対応）への大型アップデートのお知らせ。,342,34,0,0,0,0,0,0,0,0,0,0,0,0,0,0,0,0,0,0,0,0,0,💤 停止,2026-03-24
n4017165a9343,【Nano Bananaライフ 有料版】“日常AIフォト”を量産するためのプロンプト設計ノート,208,15,0,0,0,0,0,0,0,0,0,0,0,0,0,0,0,0,0,0,0,0,-3,💤 停止,2026-03-24
n40175cece20c,【無料テンプレ】トークンを犠牲にして人格を得る：ペルソナプロンプト設計術。ートークンの無駄遣いから始まる、AIとの共創,331,23,0,0,0,0,0,0,0,0,0,0,0,0,0,0,0,0,0,0,0,0,0,💤 停止,2026-03-24
n403f44ea9f9f,【DB】47都道府県 ミニチュアイラスト 近畿編,220,15,0,0,0,0,0,0,0,0,0,0,0,0,0,0,0,0,0,0,0,0,0,💤 停止,2026-03-24
n416797a1f095,AIを動かすレトリック術：中学生向けにやさしく、社長を黙らせろ（2026）,313,38,0,0,0,0,0,0,0,0,0,0,0,0,0,0,0,0,0,0,0,0,0,💤 停止,2026-03-24
n420a947a887b,体内時計がズレてる人ほど“光ログ”がヤバい。Apple Watchで測ってわかった真実〜,89,9,0,0,0,0,0,0,0,0,0,0,0,0,0,0,0,0,0,0,0,0,0,💤 停止,2026-03-24
n44108f527a29,コピペでできるサクッとデータ分析。「Googleスプレッドシート × Pythonで“週データ”を自動集計して“月トレンド”の可視化」─ Colab × Plotlyで一瞬グラフ化する方法。,170,4,0,0,0,0,0,0,0,0,0,0,0,0,0,0,0,0,0,0,0,0,-1,💤 停止,2026-03-24
n4c64f88ab49b,【お遊び】衆院選×日経平均：AIに「株価シナリオ」描かせてみる（当てに行かない遊び）,300,20,0,0,0,0,0,0,0,0,0,0,0,0,0,0,0,0,0,0,0,0,-1,💤 停止,2026-03-24
n4d46f4c63f16,【AIイラスト/アート】ドラゴンシスターズ『赤』,191,17,0,0,0,0,0,0,0,0,0,0,0,0,0,0,0,0,0,0,0,0,0,💤 停止,2026-03-24
n4f0ddd6961fa,【コピペでOK】「書く前」より「書いた後」が地獄じゃない？ 執筆の泥臭い作業を全自動化する「AI編集長」プロンプト配布,121,7,0,0,0,0,0,0,0,0,0,0,0,0,0,0,0,0,0,0,0,0,-1,💤 停止,2026-03-24
n5148d2263bc4,【告白】Python使いなのに「Jupyter Lab」から抜け出せない私。〜pyファイルに裏切られた日々〜,416,2,0,0,0,0,0,0,0,0,0,0,0,0,0,0,0,0,0,0,0,0,0,💤 停止,2026-03-24
n53d27dfb0411,"雑なプロンプトが「秒速」で""プロ""仕様に変わる魔法",73,3,0,0,0,0,0,0,0,0,0,0,0,0,0,0,0,0,0,0,0,0,0,💤 停止,2026-03-24
n552525215162,This is US,2,0,0,0,0,0,0,0,0,0,0,0,0,0,0,0,0,0,0,0,0,0,0,💤 停止,2026-03-24
n5557170c31bb,会議あるある：現状維持バリアマン攻略法,29,2,0,0,0,0,0,0,0,0,0,0,0,0,0,0,0,0,0,0,0,0,0,💤 停止,2026-03-24
n556ea08a997c,【Nano Bananaライフ 無料版】“日常AIフォト”を量産するためのプロンプト設計ノート,152,29,0,0,0,0,0,0,0,0,0,0,0,0,0,0,0,0,0,0,0,0,0,💤 停止,2026-03-24
n59fdf2b8f4ae,良かれと思って水をかけたら逆効果！？──太陽電池パネルの寿命を縮める“意外な習慣”,34,2,0,0,0,0,0,0,0,0,0,0,0,0,0,0,0,0,0,0,0,0,0,💤 停止,2026-03-24
n5d8a0b388884,【AIアート/イラスト】儚いファンタジーになるはずやってんけどな…w,205,19,0,0,0,0,0,0,0,0,0,0,0,0,0,0,0,0,0,0,0,0,0,💤 停止,2026-03-24
n5eb4318fe0fb,もうフリーテキストには戻れんかもしれん。「JSON構造プロンプト」の考え方入門,309,25,0,0,0,0,0,0,0,0,0,0,0,0,0,0,0,0,0,0,0,0,-4,💤 停止,2026-03-24
n60861d6ba204,【11/22検証】GPT-5.1 vs Gemini 3 Pro、結局どう使い分ける？ ガチ検証したら「4分12秒」で世界変わった話,260,21,0,0,0,0,0,0,0,0,0,0,0,0,0,0,0,0,0,0,0,0,0,💤 停止,2026-03-24
n62eff56628d9,【攻略マップ】AI画像生成Tips、散らかったからワイの頭の中を整理した。,279,21,0,0,0,0,0,0,0,0,0,0,0,0,0,0,0,0,0,0,0,0,0,💤 停止,2026-03-24
n658b8cc637f6,働きすぎて死んだ？洗濯機の寿命は“回数”と“熱”で決まる！,71,4,0,0,0,0,0,0,0,0,0,0,0,0,0,0,0,0,0,0,0,0,0,💤 停止,2026-03-24
n66b83839450f,GPT-5.1 vs Gemini 3 vs Grok 4.1──三強時代の「課金の正解」はどれや？,347,25,0,0,0,0,0,0,0,0,0,0,0,0,0,0,0,0,0,0,0,0,-2,💤 停止,2026-03-24
n66e70669703e,「誰やねん初対面やぞ！」 アレニウス式とウイスキー熟成に隠された時間と温度の哲学,149,13,0,0,0,0,0,0,0,0,0,0,0,0,0,0,0,0,0,0,0,0,0,💤 停止,2026-03-24
n68ae8f54f747,フォロワーの崖は「フォロー」で登れるか？回帰分析で判明した“行動が行動を呼ぶ”note の真理,142,10,0,0,0,0,0,0,0,0,0,0,0,0,0,0,0,0,0,0,0,0,0,💤 停止,2026-03-24
n69f2daa43697,【AIアート/イラスト】VOW SERIES — Dark Fantasy Art（プロンプト公開）,263,39,0,0,0,0,0,0,0,0,0,0,0,0,0,0,0,0,0,0,0,0,0,💤 停止,2026-03-24
n6bb62fafa0bd,タイトルの「番号」はもう不要？note運営をゲーム化するダッシュボード刷新メモ,304,31,0,0,0,0,0,0,0,0,0,0,0,0,0,0,0,0,0,0,0,0,0,💤 停止,2026-03-24
n6be7c377ebf1,【DB】47都道府県 ミニチュアイラスト 中国編,167,10,0,0,0,0,0,0,0,0,0,0,0,0,0,0,0,0,0,0,0,0,0,💤 停止,2026-03-24
n6eea01852f1c,はたらくこと,7,0,0,0,0,0,0,0,0,0,0,0,0,0,0,0,0,0,0,0,0,0,0,💤 停止,2026-03-24
n6f8b1868b452,形式は整ったのに…中身が地獄！？😱― “可視化の魔法”で暴くデータの裏側 ―,250,8,0,0,0,0,0,0,0,0,0,0,0,0,0,0,0,0,0,0,0,0,0,💤 停止,2026-03-24
n74b4b334899b,【告白】褒められすぎて怖いから、手の内（AIとの喧嘩術）を全部さらけ出すｗ,270,40,0,0,0,0,0,0,0,0,0,0,0,0,0,0,0,0,0,0,0,0,0,💤 停止,2026-03-24
n7540136bf03c,srefってなんや！？魔法か？──構造じゃなく“演奏”でMidjourneyが描く世界,156,13,0,0,0,0,0,0,0,0,0,0,0,0,0,0,0,0,0,0,0,0,0,💤 停止,2026-03-24
n75c75b748013,【AIアート】コンセプトを最後まで追えるのか。,325,34,0,0,0,0,0,0,0,0,0,0,0,0,0,0,0,0,0,0,0,0,0,💤 停止,2026-03-24
n7cb62928dca3,在宅ワーカーこそ「光ゼロ日」がヤバかった。Apple WatchのTime in Daylightでガチ凍りした話,195,24,0,0,0,0,0,0,0,0,0,0,0,0,0,0,0,0,0,0,0,0,0,💤 停止,2026-03-24
n7e35b947e3de,設計図（MAPS）×変換機（NotebookLM）×スコア（KPI）で回した2025年,253,52,0,0,0,0,0,0,0,0,0,0,0,0,0,0,0,0,0,0,0,0,0,💤 停止,2026-03-24
n7eaef3bc10e0,【AIアート/イラスト】Beyond（言葉の向こう）に置いてきた感情を、画像で。,339,34,0,0,0,0,0,0,0,0,0,0,0,0,0,0,0,0,0,0,0,0,0,💤 停止,2026-03-24
n7fdf6f8905f2,【AIアート】ブランドの格好をイメージから作成できるのか。,318,32,0,0,0,0,0,0,0,0,0,0,0,0,0,0,0,0,0,0,0,0,0,💤 停止,2026-03-24
n806a5cdbee60,浴びた光を「見える化」する,52,3,0,0,0,0,0,0,0,0,0,0,0,0,0,0,0,0,0,0,0,0,0,💤 停止,2026-03-24
n81d484e6e928,フォロワー202人達成！「KITAcore」のログプレイ、まだ途中です,301,4,0,0,0,0,0,0,0,0,0,0,0,0,0,0,0,0,0,0,0,0,0,💤 停止,2026-03-24
n8307b08e003d,「モジュールってなんだよ！」 理系研究者がAIに裏切られ、初めてのPythonで叫ぶ,93,15,0,0,0,0,0,0,0,0,0,0,0,0,0,0,0,0,0,0,0,0,0,💤 停止,2026-03-24
n8324b0d3c243,日光浴の知識が、社内を“小麦色”にした件― 知識の副作用は、笑えるトラブルだった,31,4,0,0,0,0,0,0,0,0,0,0,0,0,0,0,0,0,0,0,0,0,0,💤 停止,2026-03-24
n8509829bfd99,回帰直線って、実は“カッコつけた一次直線”の話やで,186,13,0,0,0,0,0,0,0,0,0,0,0,0,0,0,0,0,0,0,0,0,-2,💤 停止,2026-03-24
n8551a6a14870,生成AIで「調査チーム」を作ってみた〜GPT・Gemini・Grok・Perplexityの役割分担〜,111,16,0,0,0,0,0,0,0,0,0,0,0,0,0,0,0,0,0,0,0,0,0,💤 停止,2026-03-24
n8787acd84304,Nano Banana Proで「映画BTSごっこ」してみたら、普通に沼だった話,157,12,0,0,0,0,0,0,0,0,0,0,0,0,0,0,0,0,0,0,0,0,-1,💤 停止,2026-03-24
n8b612ec93167,Midjourneyに手を出してみたら、アメコミ以外ぜんぜん出てこない件。,192,13,0,0,0,0,0,0,0,0,0,0,0,0,0,0,0,0,0,0,0,0,0,💤 停止,2026-03-24
n8b80b1c37c22,株価の法則はグラフが知っていた！,46,0,0,0,0,0,0,0,0,0,0,0,0,0,0,0,0,0,0,0,0,0,-1,💤 停止,2026-03-24
n8dcc1f1d0579,【AIアート/イラスト】ダブルエクスポージャーの世界観はどこまで変えれるのか。,371,54,0,0,0,0,0,0,0,0,0,0,0,0,0,0,0,0,0,0,0,0,0,💤 停止,2026-03-24
n8ded3116a32b,ワイ的、プロンプトエンジニアリングのズル技。 ＃220,317,15,0,0,0,0,0,0,0,0,0,0,0,0,0,0,0,0,0,0,0,0,-1,💤 停止,2026-03-24
n8ff40bd1f6e2,AIの“ファッションごっこ”が予想外に深かった！？,429,30,0,0,0,0,0,0,0,0,0,0,0,0,0,0,0,0,0,0,0,0,-1,💤 停止,2026-03-24
n905d9dd7b39e,【DB】47都道府県 ミニチュアイラスト 中部編,184,6,0,0,0,0,0,0,0,0,0,0,0,0,0,0,0,0,0,0,0,0,0,💤 停止,2026-03-24
n9498deb77d3a,AIを検索ツールから「参謀」へ。新規事業アイデアを研ぎ澄ます「思考の型」の技術,147,1,0,0,0,0,0,0,0,0,0,0,0,0,0,0,0,0,0,0,0,0,0,💤 停止,2026-03-24
n94da7a52ea24,浴びている光はどこを通じて影響があるのか,51,8,0,0,0,0,0,0,0,0,0,0,0,0,0,0,0,0,0,0,0,0,0,💤 停止,2026-03-24
n96948074db57,【Nano Banana Pro ポートレート 有料版】ポートレートを量産するプロンプト設計ノート,263,13,0,0,0,0,0,0,0,0,0,0,0,0,0,0,0,0,0,0,0,0,0,💤 停止,2026-03-24
n995baed7ded7,Gemini、お前Duolingoか！？ AI先生と“ステップ学習”が始まった日,210,15,0,0,0,0,0,0,0,0,0,0,0,0,0,0,0,0,0,0,0,0,0,💤 停止,2026-03-24
n99aeb0e59463,世界線はテキスト、微調整はJSON。実験から見えた“二刀流プロンプト術”,195,24,0,0,0,0,0,0,0,0,0,0,0,0,0,0,0,0,0,0,0,0,-3,💤 停止,2026-03-24
n9a67fecb68b6,【AIアート/イラスト】「黒髪リリック（Black-Haired Lyrics）」─歌詞に宿る“感情の残像”を、黒髪の女性として描くアートシリーズ。,181,13,0,0,0,0,0,0,0,0,0,0,0,0,0,0,0,0,0,0,0,0,0,💤 停止,2026-03-24
n9b34d64821d9,激震！「決算書、読んだフリ」はもうムリ。NotebookLMに丸投げしたら企業分析が爆笑レベルで深まった件,151,10,0,0,0,0,0,0,0,0,0,0,0,0,0,0,0,0,0,0,0,0,0,💤 停止,2026-03-24
n9ec143973781,【AIアート/イラスト】現代社会を支配する“見えない魔王”をさらに8体召喚した話（プロンプト付き）,277,14,0,0,0,0,0,0,0,0,0,0,0,0,0,0,0,0,0,0,0,0,-9,💤 停止,2026-03-24
na26fb55ec4a4,政党ラスボス図鑑：AI視点で見る“争点の輪郭”,402,45,0,0,0,0,0,0,0,0,0,0,0,0,0,0,0,0,0,0,0,0,-1,💤 停止,2026-03-24
na33ab3948ef9,プロンプトの長さって、見栄っ張りなんかもしれん笑,147,18,0,0,0,0,0,0,0,0,0,0,0,0,0,0,0,0,0,0,0,0,0,💤 停止,2026-03-24
na3689fa63d00,CONGRATULATIONS出たので全力で喜ぶ,334,32,0,0,0,0,0,0,0,0,0,0,0,0,0,0,0,0,0,0,0,0,0,💤 停止,2026-03-24
na7053d705ed5,光を避けたい時期だからこそ、光の重要性について書いてみる,45,1,0,0,0,0,0,0,0,0,0,0,0,0,0,0,0,0,0,0,0,0,0,💤 停止,2026-03-24
na9618518142e,世界線はテキスト、微調整はJSON。note資産はNotebookLMでOS化した週（12/8〜12/13振り返り）,178,14,0,0,0,0,0,0,0,0,0,0,0,0,0,0,0,0,0,0,0,0,0,💤 停止,2026-03-24
na9944abbbdb7,気になるレシピ,6,0,0,0,0,0,0,0,0,0,0,0,0,0,0,0,0,0,0,0,0,0,0,💤 停止,2026-03-24
nb3b22defdb49,もうネタ探しで迷わない — 検索・SNS・記事トレンドを横断して「書くべき構成」を導くプロンプト,164,3,0,0,0,0,0,0,0,0,0,0,0,0,0,0,0,0,0,0,0,0,0,💤 停止,2026-03-24
nb5da69fd69ff,日光は見えていたのに、見えていなかった,49,8,0,0,0,0,0,0,0,0,0,0,0,0,0,0,0,0,0,0,0,0,0,💤 停止,2026-03-24
nb7488a280674,画像生成メモ：光はセンスじゃない！？7つのレバーで作れる画像生成術。,255,19,0,0,0,0,0,0,0,0,0,0,0,0,0,0,0,0,0,0,0,0,0,💤 停止,2026-03-24
nb947f78249ba,MidjourneyV7パラメータ更新と画風プロンプト増補版,112,16,0,0,0,0,0,0,0,0,0,0,0,0,0,0,0,0,0,0,0,0,-1,💤 停止,2026-03-24
nba6c8d042bab,AIと作る、“放置でうまい”塩麹チキン──プロンプト設計から完成レシピまで,165,13,0,0,0,0,0,0,0,0,0,0,0,0,0,0,0,0,0,0,0,0,0,💤 停止,2026-03-24
nbc8e22ad7cc7,AIが人の話を聞かない夜に──冷蔵庫GPTが教えてくれた“対話設計”の魔法,265,22,0,0,0,0,0,0,0,0,0,0,0,0,0,0,0,0,0,0,0,0,0,💤 停止,2026-03-24
nbca407b2fd33,生成AIは“知財担当の恋人”になれるか？ 特許文献を日本語に戻す読み解きガイド,33,2,0,0,0,0,0,0,0,0,0,0,0,0,0,0,0,0,0,0,0,0,0,💤 停止,2026-03-24
nbccf3a81e45c,「買うべきか、売るべきか」VWAP割安率と分位点分析で客観的に判断する方法,45,1,0,0,0,0,0,0,0,0,0,0,0,0,0,0,0,0,0,0,0,0,0,💤 停止,2026-03-24
nbdce62ffcccf,【47×31=1457】勝負は“発想力”やなくて“運用”やった,146,16,0,0,0,0,0,0,0,0,0,0,0,0,0,0,0,0,0,0,0,0,0,💤 停止,2026-03-24
nbf6e73da049d,メモ,15,0,0,0,0,0,0,0,0,0,0,0,0,0,0,0,0,0,0,0,0,0,0,💤 停止,2026-03-24
nc319e3383518,**AIっぽい**って言われたくないから、**あえて残す**。,154,15,0,0,0,0,0,0,0,0,0,0,0,0,0,0,0,0,0,0,0,0,0,💤 停止,2026-03-24
nc5a428f6d0ae,続：世界線はテキスト、微調整はJSON。じゃあ“実戦テンプレ”を置いとく,203,31,0,0,0,0,0,0,0,0,0,0,0,0,0,0,0,0,0,0,0,0,0,💤 停止,2026-03-24
nccb2555355ad,Noteのスキ率が上がった！？。自作の分析ダッシュボードが証明した「たった1つの行動」,187,27,0,0,0,0,0,0,0,0,0,0,0,0,0,0,0,0,0,0,0,0,0,💤 停止,2026-03-24
ncf485b303b59,使い方で、製品寿命が変わる？！,42,3,0,0,0,0,0,0,0,0,0,0,0,0,0,0,0,0,0,0,0,0,0,💤 停止,2026-03-24
ncfd0c44243f0,プロンプト設計にはAIDMAが含まれてた！？──100年前のマーケ理論が、AIの思考を支配してた話,131,6,0,0,0,0,0,0,0,0,0,0,0,0,0,0,0,0,0,0,0,0,0,💤 停止,2026-03-24
nd0128aa9b647,【DB】47都道府県 ミニチュアイラスト 四国編,144,3,0,0,0,0,0,0,0,0,0,0,0,0,0,0,0,0,0,0,0,0,0,💤 停止,2026-03-24
nd200c8676064,note記事の寿命はわずか5日間？ワイが自分のデータで暴いた『死の谷』の正体,628,114,0,0,0,0,0,0,0,0,0,0,0,0,0,0,0,0,0,0,0,0,-3,💤 停止,2026-03-24
nd23133bef885,【AIアート】AIは“美術館っぽいアート”に寄せられるのか？,407,53,0,0,0,0,0,0,0,0,0,0,0,0,0,0,0,0,0,0,0,0,0,💤 停止,2026-03-24
nd2722cb5a4da,AIの“第6の力”─5軸自己評価で「それっぽい文」を卒業する,94,12,0,0,0,0,0,0,0,0,0,0,0,0,0,0,0,0,0,0,0,0,0,💤 停止,2026-03-24
nd2b31a38e1d0,【AIアート/イラスト】アイキャッチフレームは再現できるのか。,329,20,0,0,0,0,0,0,0,0,0,0,0,0,0,0,0,0,0,0,0,0,0,💤 停止,2026-03-24
nd31dc1844298,呪文じゃない！「pd」はエコ？コピペで終わらせないPython省略形の真実,165,5,0,0,0,0,0,0,0,0,0,0,0,0,0,0,0,0,0,0,0,0,0,💤 停止,2026-03-24
nd4d236c6cb27,「明日の朝な！」で動く！優柔不断な部下を強制的に自走させるマネジメント術,142,12,0,0,0,0,0,0,0,0,0,0,0,0,0,0,0,0,0,0,0,0,0,💤 停止,2026-03-24
nd63df6192d8e,【感謝】正直、このハッシュタグで取れるとは思わんかったわ。,328,45,0,0,0,0,0,0,0,0,0,0,0,0,0,0,0,0,0,0,0,0,0,💤 停止,2026-03-24
nd71be82fefe9,【AIアート】 ファッションチェンジ,316,41,0,0,0,0,0,0,0,0,0,0,0,0,0,0,0,0,0,0,0,0,0,💤 停止,2026-03-24
nd9fa08da2f22,【プロンプト公開】アメコミホラーを制御する「YAML構造化」と「コンパイル」の技法,255,14,0,0,0,0,0,0,0,0,0,0,0,0,0,0,0,0,0,0,0,0,-4,💤 停止,2026-03-24
ndafda6008b59,NotebookLM にワイの記事を放り込んだら、とんでもない可視化が起きた話,299,42,0,0,0,0,0,0,0,0,0,0,0,0,0,0,0,0,0,0,0,0,0,💤 停止,2026-03-24
ne05d861f6c12,今年買ったもん、供養させて。コメントで「ええんやでー」って言うて,200,32,0,0,0,0,0,0,0,0,0,0,0,0,0,0,0,0,0,0,0,0,-1,💤 停止,2026-03-24
ne0aee52dc40a,ワンショット型 vs 対話型──AIの使い方を整理してみた,31,2,0,0,0,0,0,0,0,0,0,0,0,0,0,0,0,0,0,0,0,0,0,💤 停止,2026-03-24
ne0eebe79d622,伸びない記事を“もう一回出す”とどうなる？リライト再投稿をデータ検証,329,44,0,0,0,0,0,0,0,0,0,0,0,0,0,0,0,0,0,0,0,0,-3,💤 停止,2026-03-24
ne4b73186f941,【AIアート】その向こうに何があるか。,212,56,0,0,0,0,0,0,0,0,0,0,0,0,0,0,0,0,0,0,0,0,0,💤 停止,2026-03-24
ne5a42407885c,【マガジン案内】Nano Banana Pro レシピ3部作をひとまとめにしてみた,225,15,0,0,0,0,0,0,0,0,0,0,0,0,0,0,0,0,0,0,0,0,0,💤 停止,2026-03-24
ne853a5e34d26,【無料プロンプト付き】Self-Managed Assistant ─ AIが「文脈を守る」日。Reflective Counter Modeの進化形,186,20,0,0,0,0,0,0,0,0,0,0,0,0,0,0,0,0,0,0,0,0,0,💤 停止,2026-03-24
ne92191b4a8c9,ナイキ エア ヴェイパーマックス 360,63,0,0,0,0,0,0,0,0,0,0,0,0,0,0,0,0,0,0,0,0,0,0,💤 停止,2026-03-24
neb2f2209fa2c,アグリーセーターを着ようぜ！！事故らず作る画像生成プロンプト設計（プロンプト付き）,279,29,0,0,0,0,0,0,0,0,0,0,0,0,0,0,0,0,0,0,0,0,0,💤 停止,2026-03-24
neb919b966dce,「Excelでええやん！」って思ってた私が、Python DataFrameに恋した話,231,8,0,0,0,0,0,0,0,0,0,0,0,0,0,0,0,0,0,0,0,0,0,💤 停止,2026-03-24
neb9f4e6e71c0,「え、なんで動かんの？」から始まるPlotlyの旅 ― 可視化を“対話”に変えるまで,404,6,0,0,0,0,0,0,0,0,0,0,0,0,0,0,0,0,0,0,0,0,0,💤 停止,2026-03-24
nef0eee72e29d,生成AIで調査チーム作ったら、頼もしすぎる奴らが集まった話,249,23,0,0,0,0,0,0,0,0,0,0,0,0,0,0,0,0,0,0,0,0,0,💤 停止,2026-03-24
nef8e1fc0b79b,NotebookLMを「要約ツール」だと思ってない？ 「note資産OS」として使い倒す、3つの設計パターン,262,23,0,0,0,0,0,0,0,0,0,0,0,0,0,0,0,0,0,0,0,0,0,💤 停止,2026-03-24
nf08466dc09bb,"50,000view到達ログ：今日だけはドヤらせて",355,37,0,0,0,0,0,0,0,0,0,0,0,0,0,0,0,0,0,0,0,0,0,💤 停止,2026-03-24
nf26bbd40f67d,辞書奴隷からAI宇宙旅行へ──論文翻訳の進化史,38,4,0,0,0,0,0,0,0,0,0,0,0,0,0,0,0,0,0,0,0,0,0,💤 停止,2026-03-24
nf2b4ab8e3984,プロンプトは“センス”やない。「配合ゲー」として攻略せよ。（後編：配合→継承→デブ対策）,269,45,0,0,0,0,0,0,0,0,0,0,0,0,0,0,0,0,0,0,0,0,0,💤 停止,2026-03-24
nf4b2a8e8ad77,ワイのnoteが『封印されたメモ帳』から『国際色豊かな実験場』に進化するまで,355,54,0,0,0,0,0,0,0,0,0,0,0,0,0,0,0,0,0,0,0,0,0,💤 停止,2026-03-24
nf672e28ce323,プロンプトは“センス”やない。「配合ゲー」として攻略せよ。（前編：捕獲→育成）,427,63,0,0,0,0,0,0,0,0,0,0,0,0,0,0,0,0,0,0,0,0,0,💤 停止,2026-03-24
nf92bd63e6f7f,自作PC,26,1,0,0,0,0,0,0,0,0,0,0,0,0,0,0,0,0,0,0,0,0,0,💤 停止,2026-03-24
nfb6b2d84dfc9,【保存版】呪文を卒業し、知能を設計せよ。KITAcore流「プロンプトエンジニアリング」カリキュラム,403,47,0,0,0,0,0,0,0,0,0,0,0,0,0,0,0,0,0,0,0,0,-5,💤 停止,2026-03-24
nfe75462bec74,【AIアート】12干支に“変換”するキー（＋11体コピペ集）,237,18,0,0,0,0,0,0,0,0,0,0,0,0,0,0,0,0,0,0,0,0,-1,💤 停止,2026-03-24
